gene_id,gene_symbol,classification_v7,classification_loo_campra,has_active_har
ENSG00000002822,MAD1L1,neutral,neutral,Y
ENSG00000005108,THSD7A,regulation-driven,regulation-driven,N
ENSG00000005249,PRKAR2B,neutral,neutral,N
ENSG00000006377,DLX6,gene-driven,gene-driven,N
ENSG00000006715,VPS41,dual-driven,neutral,Y
ENSG00000007944,MYLIP,gene-driven,gene-driven,N
ENSG00000008118,CAMK1G,regulation-driven,regulation-driven,Y
ENSG00000009790,TRAF3IP3,gene-driven,neutral,N
ENSG00000014164,ZC3H3,gene-driven,gene-driven,N
ENSG00000017427,IGF1,gene-driven,gene-driven,N
ENSG00000023697,DERA,gene-driven,gene-driven,N
ENSG00000030419,IKZF2,gene-driven,gene-driven,N
ENSG00000040487,SLC66A1,regulation-driven,neutral,Y
ENSG00000040731,CDH10,regulation-driven,regulation-driven,Y
ENSG00000043039,BARX2,neutral,neutral,N
ENSG00000044524,EPHA3,regulation-driven,regulation-driven,N
ENSG00000048740,CELF2,gene-driven,gene-driven,N
ENSG00000053108,FSTL4,regulation-driven,regulation-driven,N
ENSG00000053328,METTL24,neutral,neutral,N
ENSG00000053918,KCNQ1,regulation-driven,regulation-driven,N
ENSG00000055813,CCDC85A,neutral,regulation-driven,N
ENSG00000058063,ATP11B,regulation-driven,regulation-driven,N
ENSG00000058091,CDK14,neutral,regulation-driven,N
ENSG00000058866,DGKG,regulation-driven,regulation-driven,N
ENSG00000064999,ANKS1A,neutral,gene-driven (relaxed),Y
ENSG00000065518,NDUFB4,neutral,neutral,N
ENSG00000065548,ZC3H15,neutral,neutral,N
ENSG00000067113,PLPP1,gene-driven,gene-driven,N
ENSG00000067533,RRP15,neutral,neutral,N
ENSG00000069869,,neutral,neutral,N
ENSG00000074771,NOX3,neutral,neutral,N
ENSG00000075884,ARHGAP15,neutral,regulation-driven,N
ENSG00000077092,RARB,regulation-driven,regulation-driven,Y
ENSG00000077152,UBE2T,neutral,neutral,N
ENSG00000077498,TYR,regulation-driven,neutral,Y
ENSG00000080298,RFX3,gene-driven,gene-driven,N
ENSG00000082497,SERTAD4,neutral,neutral,Y
ENSG00000083937,CHMP2B,gene-driven,gene-driven,N
ENSG00000084093,REST,gene-driven,gene-driven,Y
ENSG00000084710,EFR3B,regulation-driven,regulation-driven,N
ENSG00000086300,SNX10,neutral,neutral,N
ENSG00000087116,ADAMTS2,neutral,neutral,N
ENSG00000089225,TBX5,regulation-driven,regulation-driven,Y
ENSG00000089902,RCOR1,gene-driven,neutral,N
ENSG00000090273,NUDC,gene-driven,gene-driven,N
ENSG00000091656,,regulation-driven,regulation-driven,N
ENSG00000091831,ESR1,gene-driven,gene-driven,N
ENSG00000091879,ANGPT2,gene-driven,neutral,N
ENSG00000092871,RFFL,gene-driven,gene-driven,N
ENSG00000092978,GPATCH2,neutral,regulation-driven,N
ENSG00000095585,BLNK,neutral,neutral,N
ENSG00000096060,FKBP5,gene-driven,neutral,N
ENSG00000096395,MLN,neutral,gene-driven,Y
ENSG00000100647,SUSD6,neutral,neutral,N
ENSG00000100842,EFS,neutral,neutral,N
ENSG00000102466,FGF14,neutral,regulation-driven,N
ENSG00000102580,DNAJC3,neutral,neutral,N
ENSG00000104313,EYA1,neutral,neutral,N
ENSG00000105855,ITGB8,neutral,regulation-driven,N
ENSG00000105954,NPVF,neutral,neutral,Y
ENSG00000105991,HOXA1,neutral,neutral,N
ENSG00000106049,HIBADH,neutral,neutral,N
ENSG00000106331,PAX4,neutral,neutral,N
ENSG00000106436,MYL10,gene-driven,neutral,N
ENSG00000106511,MEOX2,neutral,neutral,N
ENSG00000106536,POU6F2,neutral,neutral,Y
ENSG00000106571,,gene-driven,gene-driven,N
ENSG00000106780,MEGF9,neutral,neutral,N
ENSG00000107951,MTPAP,neutral,neutral,Y
ENSG00000108001,EBF3,regulation-driven,regulation-driven,N
ENSG00000108018,SORCS1,neutral,neutral,N
ENSG00000108684,ASIC2,neutral,regulation-driven,N
ENSG00000109189,USP46,dual-driven,neutral,Y
ENSG00000109674,NEIL3,neutral,neutral,N
ENSG00000109906,ZBTB16,gene-driven,gene-driven,N
ENSG00000109911,ELP4,neutral,neutral,N
ENSG00000110400,NECTIN1,regulation-driven,regulation-driven,Y
ENSG00000110693,SOX6,neutral,neutral,N
ENSG00000110848,CD69,neutral,neutral,Y
ENSG00000111218,PRMT8,regulation-driven,regulation-driven,N
ENSG00000111269,CREBL2,neutral,neutral,N
ENSG00000111405,ENDOU,neutral,neutral,Y
ENSG00000111775,COX6A1,neutral,neutral,N
ENSG00000111962,UST,neutral,neutral,N
ENSG00000112029,FBXO5,neutral,neutral,N
ENSG00000112238,PRDM13,neutral,neutral,N
ENSG00000112246,SIM1,regulation-driven,regulation-driven,N
ENSG00000112319,EYA4,neutral,neutral,N
ENSG00000112320,SOBP,regulation-driven,neutral,Y
ENSG00000112425,EPM2A,neutral,neutral,N
ENSG00000112699,GMDS,neutral,regulation-driven,N
ENSG00000112782,CLIC5,regulation-driven,regulation-driven,Y
ENSG00000113492,AGXT2,gene-driven,gene-driven,N
ENSG00000113749,HRH2,regulation-driven,neutral,Y
ENSG00000114547,ROPN1B,neutral,gene-driven,Y
ENSG00000114933,INO80D,neutral,neutral,N
ENSG00000115368,WDR75,regulation-driven,neutral,Y
ENSG00000115457,IGFBP2,neutral,neutral,N
ENSG00000115665,SLC5A7,dual-driven,neutral,Y
ENSG00000115806,GORASP2,gene-driven,gene-driven,N
ENSG00000116117,PARD3B,regulation-driven,regulation-driven,Y
ENSG00000116132,PRRX1,neutral,neutral,N
ENSG00000116266,STXBP3,regulation-driven,neutral,Y
ENSG00000116285,ERRFI1,neutral,neutral,N
ENSG00000116874,WARS2,neutral,neutral,N
ENSG00000117385,P3H1,neutral,neutral,N
ENSG00000117543,DPH5,gene-driven,gene-driven,N
ENSG00000117707,PROX1,gene-driven,gene-driven,N
ENSG00000118491,ZC2HC1B,neutral,neutral,Y
ENSG00000119446,RBM18,neutral,neutral,N
ENSG00000119599,DCAF4,neutral,neutral,N
ENSG00000119705,SLIRP,gene-driven,gene-driven,N
ENSG00000119711,ALDH6A1,neutral,regulation-driven,N
ENSG00000132704,FCRL2,neutral,neutral,N
ENSG00000132768,DPH2,gene-driven,gene-driven,N
ENSG00000133302,SLF1,neutral,neutral,N
ENSG00000133639,BTG1,neutral,neutral,N
ENSG00000133731,IMPA1,regulation-driven,neutral,Y
ENSG00000134115,CNTN6,neutral,neutral,N
ENSG00000134516,,neutral,neutral,N
ENSG00000134882,UBAC2,neutral,neutral,N
ENSG00000134987,WDR36,neutral,neutral,N
ENSG00000135144,DTX1,neutral,neutral,N
ENSG00000135333,EPHA7,regulation-driven,regulation-driven,N
ENSG00000135341,MAP3K7,neutral,regulation-driven,N
ENSG00000135363,LMO2,gene-driven,gene-driven,N
ENSG00000135678,CPM,neutral,neutral,N
ENSG00000135903,PAX3,regulation-driven,regulation-driven,N
ENSG00000135966,TGFBRAP1,neutral,neutral,N
ENSG00000136267,DGKB,neutral,dual-driven,N
ENSG00000136935,GOLGA1,neutral,neutral,N
ENSG00000137273,FOXF2,neutral,neutral,Y
ENSG00000137473,TTC29,neutral,regulation-driven,N
ENSG00000138061,CYP1B1,neutral,neutral,N
ENSG00000138311,ZNF365,neutral,neutral,N
ENSG00000138653,NDST4,neutral,regulation-driven,N
ENSG00000138678,GPAT3,gene-driven,neutral,N
ENSG00000138814,PPP3CA,neutral,gene-driven,Y
ENSG00000139318,DUSP6,gene-driven,gene-driven,Y
ENSG00000139350,NEDD1,neutral,neutral,N
ENSG00000139515,PDX1,neutral,neutral,Y
ENSG00000140009,ESR2,regulation-driven,regulation-driven,N
ENSG00000140025,EFCAB11,regulation-driven,neutral,Y
ENSG00000140575,,neutral,neutral,Y
ENSG00000142611,PRDM16,regulation-driven,regulation-driven,Y
ENSG00000142655,PEX14,gene-driven,gene-driven,Y
ENSG00000143013,LMO4,neutral,neutral,N
ENSG00000143344,RGL1,regulation-driven,regulation-driven,Y
ENSG00000143476,DTL,neutral,regulation-driven,N
ENSG00000143786,CNIH3,neutral,neutral,Y
ENSG00000143995,MEIS1,neutral,dual-driven,N
ENSG00000144229,THSD7B,neutral,regulation-driven,N
ENSG00000144278,GALNT13,regulation-driven,regulation-driven,N
ENSG00000144320,LNPK,regulation-driven,neutral,Y
ENSG00000144339,TMEFF2,regulation-driven,regulation-driven,Y
ENSG00000144452,ABCA12,regulation-driven,regulation-driven,N
ENSG00000144560,VGLL4,neutral,neutral,N
ENSG00000144619,CNTN4,dual-driven,dual-driven,Y
ENSG00000144642,RBMS3,regulation-driven,regulation-driven,N
ENSG00000144655,CSRNP1,gene-driven,gene-driven,N
ENSG00000145358,DDIT4L,neutral,gene-driven,Y
ENSG00000145416,MARCHF1,neutral,neutral,N
ENSG00000145700,ANKRD31,gene-driven,gene-driven,N
ENSG00000145860,RNF145,regulation-driven,regulation-driven,Y
ENSG00000145996,CDKAL1,regulation-driven,neutral,Y
ENSG00000146151,HMGCLL1,neutral,regulation-driven,N
ENSG00000146263,MMS22L,neutral,neutral,N
ENSG00000146857,STRA8,neutral,neutral,Y
ENSG00000148484,RSU1,neutral,gene-driven,Y
ENSG00000148655,LRMDA,neutral,neutral,Y
ENSG00000148702,HABP2,neutral,regulation-driven,N
ENSG00000148926,ADM,neutral,neutral,N
ENSG00000148985,PGAP2,neutral,regulation-driven,N
ENSG00000149403,GRIK4,regulation-driven,regulation-driven,N
ENSG00000149571,KIRREL3,gene-driven,neutral,N
ENSG00000150681,RGS18,neutral,neutral,N
ENSG00000150760,,neutral,neutral,N
ENSG00000150873,C2orf50,gene-driven,gene-driven,N
ENSG00000150938,CRIM1,neutral,dual-driven,N
ENSG00000151164,RAD9B,neutral,neutral,N
ENSG00000151376,ME3,neutral,neutral,N
ENSG00000151413,NUBPL,gene-driven,gene-driven,N
ENSG00000151532,VTI1A,neutral,neutral,N
ENSG00000151702,FLI1,regulation-driven,regulation-driven,N
ENSG00000151962,RBM46,neutral,gene-driven,Y
ENSG00000151967,SCHIP1,neutral,regulation-driven,N
ENSG00000152104,PTPN14,regulation-driven,regulation-driven,N
ENSG00000152127,MGAT5,regulation-driven,regulation-driven,Y
ENSG00000152404,CWF19L2,neutral,neutral,N
ENSG00000153002,CPB1,regulation-driven,regulation-driven,N
ENSG00000153823,PID1,neutral,neutral,N
ENSG00000153989,NUS1,neutral,neutral,Y
ENSG00000154146,NRGN,gene-driven,gene-driven,N
ENSG00000154274,C4orf19,neutral,neutral,N
ENSG00000154342,WNT3A,neutral,regulation-driven,N
ENSG00000155052,CNTNAP5,regulation-driven,regulation-driven,N
ENSG00000155087,ODF1,gene-driven,gene-driven,N
ENSG00000155629,PIK3AP1,regulation-driven,regulation-driven,N
ENSG00000157445,CACNA2D3,neutral,dual-driven,N
ENSG00000157884,CIB4,neutral,neutral,N
ENSG00000157927,RADIL,gene-driven,gene-driven,N
ENSG00000157978,LDLRAP1,neutral,neutral,N
ENSG00000157992,KRTCAP3,gene-driven,gene-driven,N
ENSG00000158089,GALNT14,regulation-driven,regulation-driven,Y
ENSG00000158258,CLSTN2,regulation-driven,regulation-driven,Y
ENSG00000158816,VWA5B1,dual-driven,neutral,Y
ENSG00000158966,CACHD1,regulation-driven,regulation-driven,Y
ENSG00000160563,,gene-driven,gene-driven,N
ENSG00000160683,,neutral,neutral,N
ENSG00000162409,,neutral,regulation-driven,N
ENSG00000162456,,neutral,neutral,N
ENSG00000162599,,gene-driven,gene-driven,N
ENSG00000162814,,regulation-driven,neutral,Y
ENSG00000162931,,gene-driven,gene-driven,N
ENSG00000162999,,neutral,neutral,N
ENSG00000163293,,gene-driven,neutral,N
ENSG00000163492,,regulation-driven,regulation-driven,Y
ENSG00000163501,,neutral,neutral,N
ENSG00000163623,,neutral,neutral,Y
ENSG00000164100,,regulation-driven,regulation-driven,N
ENSG00000164125,,neutral,neutral,Y
ENSG00000164161,,gene-driven,gene-driven,N
ENSG00000164241,,neutral,gene-driven,Y
ENSG00000164258,,gene-driven,gene-driven,N
ENSG00000164330,,neutral,regulation-driven,N
ENSG00000164684,,neutral,neutral,N
ENSG00000164692,,neutral,regulation-driven,N
ENSG00000164756,,neutral,neutral,N
ENSG00000164808,,gene-driven,gene-driven,N
ENSG00000164902,,neutral,neutral,N
ENSG00000164919,,neutral,neutral,N
ENSG00000164935,,neutral,neutral,N
ENSG00000164946,,regulation-driven,regulation-driven,Y
ENSG00000165046,,gene-driven,gene-driven,Y
ENSG00000165071,,dual-driven,neutral,Y
ENSG00000165115,,neutral,neutral,N
ENSG00000165275,,neutral,neutral,N
ENSG00000165495,,neutral,regulation-driven,N
ENSG00000165632,,gene-driven,gene-driven,N
ENSG00000165669,,gene-driven,gene-driven,N
ENSG00000165695,,neutral,neutral,N
ENSG00000165714,,gene-driven (relaxed),neutral,N
ENSG00000165832,,neutral,neutral,Y
ENSG00000165861,,neutral,regulation-driven,N
ENSG00000165966,,regulation-driven,regulation-driven,N
ENSG00000165983,,neutral,neutral,N
ENSG00000166035,,gene-driven,neutral,N
ENSG00000166326,,neutral,neutral,N
ENSG00000166343,,gene-driven (relaxed),gene-driven (relaxed),N
ENSG00000166435,,neutral,regulation-driven,N
ENSG00000168079,,neutral,neutral,Y
ENSG00000168237,,neutral,neutral,N
ENSG00000168439,,dual-driven,neutral,Y
ENSG00000168497,,neutral,neutral,N
ENSG00000168702,,regulation-driven,regulation-driven,N
ENSG00000168772,,gene-driven,neutral,N
ENSG00000168907,,gene-driven,gene-driven,N
ENSG00000169375,,neutral,neutral,Y
ENSG00000169519,,neutral,neutral,N
ENSG00000169744,,regulation-driven,regulation-driven,Y
ENSG00000169855,,gene-driven (relaxed),gene-driven (relaxed),N
ENSG00000170370,,neutral,neutral,N
ENSG00000170417,,neutral,neutral,N
ENSG00000170430,,neutral,neutral,N
ENSG00000170624,,neutral,neutral,N
ENSG00000170743,,dual-driven,neutral,Y
ENSG00000170899,,neutral,neutral,N
ENSG00000171530,TBCA,gene-driven,gene-driven,Y
ENSG00000171540,OTP,neutral,neutral,N
ENSG00000171723,GPHN,gene-driven,gene-driven,N
ENSG00000171956,FOXB1,neutral,neutral,N
ENSG00000172260,NEGR1,neutral,regulation-driven,N
ENSG00000172292,CERS6,regulation-driven,regulation-driven,Y
ENSG00000172331,BPGM,neutral,gene-driven,Y
ENSG00000172426,RSPH9,neutral,neutral,N
ENSG00000172878,METAP1D,neutral,neutral,N
ENSG00000172987,HPSE2,regulation-driven,regulation-driven,N
ENSG00000173221,GLRX,gene-driven,gene-driven,N
ENSG00000173253,DMRT2,gene-driven,gene-driven,Y
ENSG00000173406,DAB1,regulation-driven,regulation-driven,Y
ENSG00000173926,MARCHF3,neutral,neutral,N
ENSG00000174279,EVX2,neutral,neutral,N
ENSG00000174332,GLIS1,regulation-driven,neutral,Y
ENSG00000174453,VWC2L,neutral,regulation-driven,N
ENSG00000174473,GALNTL6,regulation-driven,regulation-driven,Y
ENSG00000174775,HRAS,neutral,neutral,N
ENSG00000175084,DES,neutral,neutral,N
ENSG00000175161,CADM2,regulation-driven,regulation-driven,N
ENSG00000175182,FAM131A,regulation-driven,neutral,Y
ENSG00000175697,GPR156,neutral,neutral,N
ENSG00000176463,SLCO3A1,gene-driven (relaxed),gene-driven (relaxed),N
ENSG00000177468,OLIG3,neutral,neutral,N
ENSG00000177551,NHLH2,gene-driven,gene-driven,N
ENSG00000178965,,gene-driven,neutral,N
ENSG00000179008,C14orf39,neutral,neutral,N
ENSG00000179041,RRS1,neutral,neutral,N
ENSG00000179241,LDLRAD3,neutral,neutral,N
ENSG00000179456,ZBTB18,neutral,neutral,N
ENSG00000179562,GCC1,neutral,neutral,N
ENSG00000181690,PLAG1,neutral,neutral,Y
ENSG00000182263,FIGN,regulation-driven,regulation-driven,N
ENSG00000182752,PAPPA,neutral,regulation-driven,N
ENSG00000182771,GRID1,gene-driven,gene-driven,N
ENSG00000183715,OPCML,regulation-driven,regulation-driven,N
ENSG00000183780,SLC35F3,neutral,regulation-driven,N
ENSG00000183840,GPR39,neutral,neutral,N
ENSG00000183960,KCNH8,neutral,neutral,N
ENSG00000184220,CMSS1,gene-driven,gene-driven,N
ENSG00000184305,CCSER1,neutral,neutral,N
ENSG00000184347,SLIT3,neutral,regulation-driven,N
ENSG00000184349,,regulation-driven,neutral,Y
ENSG00000184384,MAML2,neutral,neutral,N
ENSG00000184500,PROS1,neutral,neutral,N
ENSG00000184601,C14orf180,neutral,neutral,N
ENSG00000184611,KCNH7,regulation-driven,regulation-driven,N
ENSG00000184903,IMMP2L,neutral,neutral,N
ENSG00000184937,WT1,regulation-driven,regulation-driven,N
ENSG00000185104,FAF1,gene-driven,gene-driven,N
ENSG00000185261,KIAA0825,gene-driven,gene-driven,N
ENSG00000185305,ARL15,gene-driven,gene-driven,Y
ENSG00000185352,HS6ST3,neutral,neutral,N
ENSG00000185480,PARPBP,neutral,neutral,N
ENSG00000185483,ROR1,neutral,regulation-driven,N
ENSG00000185518,SV2B,gene-driven,gene-driven,N
ENSG00000185634,SHC4,neutral,neutral,N
ENSG00000185736,ADARB2,neutral,neutral,N
ENSG00000185742,C11orf87,neutral,neutral,N
ENSG00000185942,NKAIN3,neutral,regulation-driven,N
ENSG00000186073,CDIN1,neutral,regulation-driven,N
ENSG00000186648,CARMIL3,regulation-driven,regulation-driven,Y
ENSG00000187098,MITF,neutral,neutral,Y
ENSG00000187118,CMC1,gene-driven,gene-driven,N
ENSG00000187258,NPSR1,neutral,neutral,N
ENSG00000187498,,gene-driven,gene-driven,N
ENSG00000187527,ATP13A5,neutral,regulation-driven,N
ENSG00000187871,GFRAL,neutral,neutral,N
ENSG00000187954,ZFTRAF1,neutral,neutral,N
ENSG00000188175,HEPACAM2,gene-driven (relaxed),gene-driven (relaxed),N
ENSG00000188848,BEND4,regulation-driven,neutral,Y
ENSG00000188991,SLC15A5,neutral,neutral,N
ENSG00000196277,GRM7,neutral,neutral,Y
ENSG00000196284,SUPT3H,neutral,neutral,N
ENSG00000196387,ZNF140,gene-driven,gene-driven,N
ENSG00000196482,ESRRG,regulation-driven,regulation-driven,Y
ENSG00000196776,CD47,neutral,neutral,N
ENSG00000198075,SULT1C4,neutral,neutral,N
ENSG00000198246,SLC29A3,neutral,gene-driven,Y
ENSG00000198732,SMOC1,neutral,neutral,N
ENSG00000198846,TOX,neutral,regulation-driven,N
ENSG00000203805,PLPP4,neutral,regulation-driven,N
ENSG00000204084,INPP5B,gene-driven (relaxed),neutral,N
ENSG00000204219,TCEA3,dual-driven,neutral,Y
ENSG00000204334,ERICH2,gene-driven,neutral,N
ENSG00000204856,FAM216A,neutral,neutral,N
ENSG00000205269,TMEM170B,neutral,neutral,N
ENSG00000205442,IZUMO3,gene-driven,gene-driven,N
ENSG00000219545,UMAD1,neutral,neutral,N
ENSG00000221818,EBF2,gene-driven,gene-driven,N
ENSG00000236320,SLFN14,neutral,neutral,N
ENSG00000249948,GBA3,regulation-driven,neutral,Y
ENSG00000253250,C8orf88,neutral,neutral,Y
ENSG00000258818,RNASE4,neutral,neutral,N
ENSG00000261115,TMEM178B,neutral,neutral,N
ENSG00000262655,SPON1,neutral,regulation-driven,N
