tissue,is_brain,classification_used,n_high_expr,n_expressed,mean_tpm,median_tpm,gd_OR,gd_p,gd_fdr,gd_fdr_sig,gd_ci_low,gd_ci_high,gd_n_high,gd_pct,rd_OR,rd_p,rd_fdr,rd_fdr_sig,rd_ci_low,rd_ci_high,rd_n_high,rd_pct,gd_vs_rd_OR,gd_vs_rd_p
Blood,False,v7,1077,3616,27.254258735826298,1.842985,1.3704062909567496,3.103569809453437e-05,3.448410899392708e-05,True,1.1782684633889529,1.5938756409488088,314,25.86490939044481,0.5059983473557692,0.9999845577917617,0.9999999999796296,False,0.3560213771166877,0.719154365393214,37,12.627986348122867,0.11705839522353284,1.0
Brain,True,LOO-brain,1165,4240,14.174376825995173,4.3882975,1.5260821497902233,3.4327151747295505e-08,2.0596291048377301e-07,True,1.313082924329994,1.773632635651472,326,29.663330300272975,0.7108688212927756,0.999391050929559,0.9999999999796296,False,0.5729893449595526,0.8819264887409937,113,18.43393148450245,0.2513310523369933,1.0
Adipose Tissue,False,v7,1149,4145,26.739183635504624,6.74397,1.4678854066834623,2.6147951337289685e-07,7.844385401186906e-07,True,1.2672040846611476,1.7003477129182711,346,28.500823723228994,0.4490545061721921,0.9999995294337284,0.9999999999796296,False,0.31479318340288354,0.6405791489311651,36,12.286689419795222,0.1275774601006594,1.0
Muscle,False,v7,1111,3785,23.62842456875754,2.30975,1.440436165908383,1.2358825006865436e-06,2.0598041678109063e-06,True,1.2412612498249738,1.6715710317625816,332,27.347611202635914,0.48540430051210426,0.9999954725408846,0.9999999999796296,False,0.3415833552285054,0.6897799068635145,37,12.627986348122867,0.12370065698508757,1.0
Blood Vessel,False,v7,1139,4106,34.55090918536389,7.1126249999999995,1.353909465020576,4.432506304733036e-05,4.58535134972383e-05,True,1.1670303246533245,1.57071397439208,329,27.100494233937397,0.4998532569792412,0.9999925926533189,0.9999999999796296,False,0.35443457567611464,0.7049348332795654,39,13.310580204778157,0.11657389970007673,1.0
Heart,False,v7,1131,3916,15.759893098713308,2.74078,1.4272574891477199,1.963642650373067e-06,3.100488395325895e-06,True,1.2307758318139277,1.655105574608182,336,27.677100494233937,0.55193002096298,0.9999224836634882,0.9999999999796296,False,0.3953222920709232,0.7705782197214007,42,14.334470989761092,0.12082348390424207,1.0
Thyroid,False,v7,1156,4292,28.056052227784484,8.9891875,1.4929935297208208,7.311594534956019e-08,3.6557972674780095e-07,True,1.289509928634649,1.7285866748993264,351,28.912685337726526,0.4749166929741485,0.9999981582645191,0.9999999999796296,False,0.3355454899599585,0.6721767152716509,38,12.969283276450511,0.12883700510281196,1.0
Kidney,False,v7,1160,4190,14.394536992159228,3.87544,1.559718969555035,2.3480220636407937e-09,2.7993399952943366e-08,True,1.3480588159950064,1.8046121097425707,360,29.654036243822077,0.5026821005081875,0.9999926978946038,0.9999999999796296,False,0.35772425395256263,0.7063800996977755,40,13.651877133105803,0.13331381733021078,1.0
Uterus,False,v7,1149,4204,32.3312095902694,8.601479999999999,1.3559313566307796,3.88953021947255e-05,4.167353806577732e-05,True,1.1692786996621474,1.5723794886760694,332,27.347611202635914,0.5092363237186227,0.9999892126734303,0.9999999999796296,False,0.3623720938817532,0.7156225266040436,40,13.651877133105803,0.11656494503146016,1.0
Vagina,False,v7,1156,4286,34.11589321250502,8.4822025,1.4681361900624244,2.453861122056687e-07,7.844385401186906e-07,True,1.2677700888596173,1.700169369439734,348,28.665568369028005,0.40213028289608876,0.9999999763488865,0.9999999999796296,False,0.2782214928308958,0.5812231211065194,33,11.262798634812286,0.12930738801362815,1.0
Breast,False,v7,1159,4249,25.364453954061116,7.223352500000001,1.562198649951784,2.08078784640067e-09,2.7993399952943366e-08,True,1.350176204000799,1.8075156521642652,360,29.654036243822077,0.4584551860516934,0.9999992682007698,0.9999999999796296,False,0.3226826988516579,0.6513555215872179,37,12.627986348122867,0.1350634428867466,1.0
Skin,False,v7,1153,4206,28.762462183353435,6.9744600000000005,1.4181154390894881,2.583145345292241e-06,3.874718017938362e-06,True,1.2238707828340114,1.6431893193227103,341,28.088962108731465,0.4035473901098901,0.9999999730629067,0.9999999999796296,False,0.27919881764100135,0.5832778857749312,33,11.262798634812286,0.12507123953977847,1.0
Salivary Gland,False,v7,1168,4279,23.033373587253717,6.18685,1.4327380877119782,1.2033291357048198e-06,2.0598041678109063e-06,True,1.237383666093946,1.6589344794411776,347,28.5831960461285,0.3826021261669635,0.9999999947779307,0.9999999999796296,False,0.26344765992303587,0.5556488411787225,32,10.921501706484642,0.1272353320492774,1.0
Adrenal Gland,False,v7,1140,4073,21.9535021344994,5.006735,1.4069969061299425,4.595046155859944e-06,5.993538464165144e-06,True,1.213509932025475,1.6313342327202909,336,27.677100494233937,0.453857215361191,0.9999993283632488,0.9999999999796296,False,0.31814855957929655,0.6474534167553686,36,12.286689419795222,0.12232686227178459,1.0
Lung,False,v7,1168,4334,30.91932053498191,8.594875,1.393123708821112,7.2218342527140905e-06,8.666201103256909e-06,True,1.2027185143897146,1.613672397039877,342,28.17133443163097,0.5907394978602409,0.9997149779315104,0.9999999999796296,False,0.4281840746750776,0.8150073180488643,46,15.699658703071673,0.11728069396005954,1.0
Spleen,False,v7,1145,4168,28.832670688379572,7.1206,1.4038971742100095,5.116407233944764e-06,6.395509042430955e-06,True,1.211044622008157,1.6274604914942388,337,27.759472817133442,0.4660741482400722,0.999998741375206,0.9999999999796296,False,0.32802706099777296,0.6622170469624261,37,12.627986348122867,0.1217471804192962,1.0
Pancreas,False,v7,1140,3972,55.77358829402895,2.3763975,1.4475439660400242,7.287117898960945e-07,1.457423579792189e-06,True,1.2489665197951123,1.6776939176581145,341,28.088962108731465,0.4992597996095175,0.9999928539060652,0.9999999999796296,False,0.3540152474386334,0.7040949487616165,39,13.310580204778157,0.12417297108212298,1.0
Esophagus,False,v7,1150,4174,23.61800932549256,5.7857425000000005,1.4738258060531368,1.9509903346771924e-07,7.316213755039472e-07,True,1.272448758339874,1.7070726756982608,347,28.5831960461285,0.4485256620723861,0.9999995477729768,0.9999999999796296,False,0.3144236942979516,0.6398222309125223,36,12.286689419795222,0.1280937545335327,1.0
Stomach,False,v7,1160,4227,23.772774459388824,4.8023299999999995,1.4426623942752974,7.985963664944882e-07,1.4973681871771654e-06,True,1.2456829257371003,1.6707901672687644,346,28.500823723228994,0.3722540382287913,0.9999999972855831,0.9999999999796296,False,0.2550173055059011,0.5433869231060313,31,10.580204778156997,0.12830195088259605,1.0
Colon,False,v7,1163,4302,24.61225389857258,6.39862,1.4119178964464731,3.2163951001983343e-06,4.385993318452275e-06,True,1.2189287958524249,1.6354623445512457,343,28.253706754530477,0.456313138321492,0.9999993742389479,0.9999999999796296,False,0.32118002963847364,0.64830207668636,37,12.627986348122867,0.12294251071098541,1.0
Small Intestine,False,v7,1175,4368,24.33908544229996,7.08136,1.4491894385132018,5.308222700831229e-07,1.2354587511205417e-06,True,1.2521106633260883,1.6772878709613426,351,28.912685337726526,0.46449031679514374,0.9999991089471679,0.9999999999796296,False,0.3282032813902873,0.6573708022738796,38,12.969283276450511,0.12586624891718887,1.0
Prostate,False,v7,1169,4335,25.42105977492963,7.9171575,1.5547439947408532,2.7993399952943366e-09,2.7993399952943366e-08,True,1.344160118990018,1.7983191548630502,362,29.818780889621088,0.31455499519376373,0.9999999999796296,0.9999999999796296,False,0.21054414295157123,0.4699482190017879,27,9.215017064846416,0.14004805370845477,1.0
Testis,False,v7,1235,4836,25.39363670315641,9.9856725,1.4050815008416286,2.921276849009175e-06,4.173252641441679e-06,True,1.2161528111797222,1.623360161534511,362,29.818780889621088,0.39352390180878555,0.9999999949509606,0.9999999999796296,False,0.2747987390441861,0.5635435658600672,35,11.945392491467576,0.1255666876401594,1.0
Nerve,True,LOO-brain,1156,4297,32.052111971149984,9.906205,1.46687232699993,5.867036225465345e-07,1.2572220483140025e-06,True,1.2609768694744936,1.706386909868463,317,28.84440400363967,0.6262862193043368,0.9999921240641693,0.9999999999796296,False,0.5008114968184904,0.7831977320454321,102,16.6394779771615,0.24689451880664168,1.0
Liver,False,v7,1119,3892,22.097707341877765,2.6165525,1.4633501211698798,4.0503787362363594e-07,1.10464874624628e-06,True,1.2617050922692419,1.6972219500806602,337,27.759472817133442,0.4962725145562388,0.9999927739628984,0.9999999999796296,False,0.3505803881770181,0.7025105140211527,38,12.969283276450511,0.12530365376034902,1.0
Pituitary,False,v7,1184,4414,33.00952180739847,7.52821,1.5186194213129547,1.6013324499563204e-08,1.2009993374672404e-07,True,1.3132907263135962,1.7560505839117626,362,29.818780889621088,0.518549270518626,0.9999867817716055,0.9999999999796296,False,0.3714954114346401,0.7238133707142907,42,14.334470989761092,0.12973909964246141,1.0
Ovary,False,v7,1147,4170,31.095227001407316,7.856725,1.3217752357906893,0.0001541832109564661,0.0001541832109564661,True,1.1393000362176253,1.5334764490570147,327,26.935749588138385,0.557286231884058,0.9999118743517617,0.9999999999796296,False,0.4004282354761362,0.7755895232468955,43,14.675767918088738,0.11239585338356202,1.0
Bladder,False,v7,1156,4226,28.60461112002413,7.5192,1.4517551345508335,5.353654588189014e-07,1.2354587511205417e-06,True,1.2534422286265599,1.6814440446960779,346,28.500823723228994,0.4164034164034164,0.9999999395940639,0.9999999999796296,False,0.2894234786316433,0.5990937777826835,34,11.604095563139932,0.12745917960971725,1.0
Cervix Uteri,False,v7,1157,4283,29.16898558021713,8.28812,1.4823276653357198,1.2246135320857563e-07,5.248343708938956e-07,True,1.2802314668524468,1.7163265896142006,350,28.830313014827016,0.401659594853545,0.999999977354502,0.9999999999796296,False,0.27789687186870826,0.58054064823779,33,11.262798634812286,0.1305131029418514,1.0
Fallopian Tube,False,v7,1161,4339,31.67444426919984,8.48227,1.3691755875613023,2.1086068723325104e-05,2.433007929614435e-05,True,1.1814337078603592,1.58675156896354,337,27.759472817133442,0.41397361361868906,0.999999951134674,0.9999999999796296,False,0.2877400381769756,0.5955867450991,34,11.604095563139932,0.1207821788754691,1.0
