classification,trait,is_control,class,in_S5_36_family,in_unified_48_family,n_trait_universe,n_class,k_overlap,OR,CI_lo,CI_hi,p_two_sided,q_bh_S5_36,q_bh_unified_48,p_one_sided,q_bh_48_one_sided_P04c,sig_S5_36,sig_unified_48
full,Schizophrenia,False,regulation_driven,True,True,257,293,36,2.8269098720002823,1.9447782101252276,4.109167504451868,7.471921478826338e-07,6.724729330943704e-06,8.966305774591606e-06,6.382436077509161e-07,7.658923293010992e-06,True,True
full,Schizophrenia,False,gene_driven_strict,True,True,257,1214,61,0.962015682248615,0.7162974812859169,1.2920248878033629,0.881444117729709,1.0,1.0,0.6261281942977646,0.8348375923970194,False,False
full,Schizophrenia,False,gene_driven_all,True,True,257,1266,64,0.9697136896192011,0.7254531369454776,1.2962169324874766,0.8832034189394736,1.0,1.0,0.6068709945077326,0.8348375923970194,False,False
full,Schizophrenia,False,dual_driven,False,True,257,11,1,1.838671875,0.23446083307446172,14.419100280354053,0.4424304770574768,,0.7322987206468582,0.4424304770574768,0.7865430703244032,False,False
full,ASD,False,regulation_driven,True,True,116,293,16,2.6460649819494586,1.5396771621075227,4.54748570740327,0.001127750252316382,0.0045110010092655,0.006014668012354038,0.001127750252316382,0.006014668012354038,True,True
full,ASD,False,gene_driven_strict,True,True,116,1214,29,1.0331926863572434,0.6752413884141166,1.580897062085035,0.9129040878386724,1.0,1.0,0.47650511019672936,0.7994980127788192,False,False
full,ASD,False,gene_driven_all,True,True,116,1266,29,0.9757477768795473,0.6377892834477649,1.4927872712733574,1.0,1.0,1.0,0.5811019378972169,0.8348375923970194,False,False
full,ASD,False,dual_driven,False,True,116,11,1,4.215652173913043,0.5351746307898981,33.207335006121944,0.22882277801462078,,0.574190572763605,0.22882277801462078,0.6044111292248474,False,False
full,Educational attainment,False,regulation_driven,True,True,822,293,103,2.987233731059219,2.3203186248586016,3.845836200414837,1.015419275358604e-15,3.655509391290974e-14,4.874012521721299e-14,8.683759842761343e-16,4.168204724525445e-14,True,True
full,Educational attainment,False,gene_driven_strict,True,True,822,1214,194,0.9485575121768453,0.7956218856939975,1.1308906530673055,0.5938476874313723,1.0,0.9310069727521488,0.7357036572513678,0.8613115987333085,False,False
full,Educational attainment,False,gene_driven_all,True,True,822,1266,206,0.9754839500122519,0.8209379298370708,1.1591240971413765,0.7927653408747366,1.0,1.0,0.6261034422454649,0.8348375923970194,False,False
full,Educational attainment,False,dual_driven,False,True,822,11,4,2.8955640936081033,0.8456907150634445,9.914134412086481,0.09295661164478572,,0.31870838278212243,0.09295661164478572,0.3718264465791428,False,False
full,Intelligence,False,regulation_driven,True,True,180,293,19,1.9467742666727117,1.1916477979681508,3.1804112354683918,0.013979211388510954,0.0457501463623994,0.06100019514986599,0.009004042743582581,0.04321940516919639,True,False
full,Intelligence,False,gene_driven_strict,True,True,180,1214,42,0.9405698174803383,0.6617296632223614,1.3369078503251566,0.7911611733843004,1.0,1.0,0.6621296830974062,0.8582223957669768,False,False
full,Intelligence,False,gene_driven_all,True,True,180,1266,43,0.9164552882405954,0.6466500151991895,1.2988328703362653,0.6637372495328142,1.0,0.9839403067450668,0.7151853298058141,0.8582223957669768,False,False
full,Intelligence,False,dual_driven,False,True,180,11,1,2.672625698324022,0.3402712374825145,20.991865713331187,0.33360125704462795,,0.6962113190496583,0.33360125704462795,0.7140655402874257,False,False
full,Major depression,False,regulation_driven,True,True,154,293,25,3.2916811292375328,2.1079755050680773,5.140080912006877,2.573991445558128e-06,1.5443948673348768e-05,2.0591931564465023e-05,2.573991445558128e-06,2.0591931564465023e-05,True,True
full,Major depression,False,gene_driven_strict,True,True,154,1214,24,0.5631544925662573,0.36256679622593413,0.8747160131561814,0.00976875084252949,0.0351675030331061,0.04689000404414155,0.9974758174502576,1.0,True,True
full,Major depression,False,gene_driven_all,True,True,154,1266,28,0.6429725363489499,0.42476524799967724,0.9732756727295069,0.03830954314058875,0.1149286294217662,0.153238172562355,0.988236247170996,1.0,False,False
full,Major depression,False,dual_driven,False,True,154,11,1,3.143790849673203,0.3999051953308372,24.71440986985056,0.29270566608535914,,0.6386305441862382,0.29270566608535914,0.7024935986048619,False,False
full,Bipolar disorder,False,regulation_driven,True,True,115,293,22,4.004920049200492,2.4767886736338403,6.4758793397402625,6.108719796068543e-07,6.724729330943704e-06,8.966305774591606e-06,6.108719796068543e-07,7.658923293010992e-06,True,True
full,Bipolar disorder,False,gene_driven_strict,True,True,115,1214,22,0.7277368838854009,0.45517817825537155,1.163502552334809,0.22634782004318207,0.543234768103637,0.574190572763605,0.9285949266865752,1.0,False,False
full,Bipolar disorder,False,gene_driven_all,True,True,115,1266,23,0.7272727272727273,0.4584504005502385,1.1537248504961213,0.19420384115287204,0.499381305821671,0.574190572763605,0.9317886976225285,1.0,False,False
full,Bipolar disorder,False,dual_driven,False,True,115,11,1,4.253508771929824,0.5399421962173825,33.507914364966446,0.2270729947139114,,0.574190572763605,0.2270729947139114,0.6044111292248474,False,False
full,Neuroticism,False,regulation_driven,True,True,122,293,21,3.5010192195690157,2.153999938143472,5.690406651708653,6.550659537947252e-06,2.9477967920762636e-05,3.930395722768351e-05,6.550659537947252e-06,3.930395722768351e-05,True,True
full,Neuroticism,False,gene_driven_strict,True,True,122,1214,28,0.9207419898819561,0.6007322246595862,1.4112208021006085,0.7499696247228425,1.0,1.0,0.6815976959184957,0.8582223957669768,False,False
full,Neuroticism,False,gene_driven_all,True,True,122,1266,29,0.9112838031658278,0.5976584243862553,1.3894862617642596,0.7523732135918808,1.0,1.0,0.7001983723233348,0.8582223957669768,False,False
full,Neuroticism,False,dual_driven,False,True,122,11,1,4.001652892561983,0.5082113376027746,31.508989838919852,0.2392460719848354,,0.574190572763605,0.2392460719848354,0.6044111292248474,False,False
full,Cognitive performance,False,regulation_driven,True,True,149,293,24,3.251866171003717,2.06564157428786,5.119297425916708,4.7443283753684345e-06,2.4399403073323377e-05,3.2532537431097834e-05,4.7443283753684345e-06,3.2532537431097834e-05,True,True
full,Cognitive performance,False,gene_driven_strict,True,True,149,1214,37,1.0239106687704818,0.7020236120800722,1.4933871732827648,0.9228754668523727,1.0,1.0,0.4834667813792192,0.7994980127788192,False,False
full,Cognitive performance,False,gene_driven_all,True,True,149,1266,38,1.0027731314376265,0.6898625491403932,1.4576149326937649,1.0,1.0,1.0,0.5264107486879537,0.7994980127788192,False,False
full,Cognitive performance,False,dual_driven,False,True,149,11,0,1.400174494692453,0.08212169383088243,23.872968568142348,1.0,,1.0,1.0,1.0,False,False
full,Height,True,regulation_driven,True,True,2191,293,183,2.2145916334661355,1.7360653719413561,2.825018102592438,8.279337022322514e-11,1.4902806640180526e-09,1.9870408853574036e-09,5.154673847080334e-11,1.2371217232992802e-09,True,True
full,Height,True,gene_driven_strict,True,True,2191,1214,534,0.9966647733323867,0.8748691629092147,1.1354162570989792,0.9734834070832035,1.0,1.0,0.5329986751858794,0.7994980127788192,False,False
full,Height,True,gene_driven_all,True,True,2191,1266,557,0.9971618619152598,0.8768960341694333,1.1339220843895201,0.9738553058200694,1.0,1.0,0.5300872379588286,0.7994980127788192,False,False
full,Height,True,dual_driven,False,True,2191,11,7,2.2267628205128207,0.651014084703699,7.616536685339148,0.23069900060212423,,0.574190572763605,0.15732580487551223,0.5394027595731848,False,False
full,LDL cholesterol,True,regulation_driven,True,True,256,293,22,1.5427823509004321,0.9798389094051494,2.4291517303541728,0.07444278220272796,0.2061492430229389,0.2748656573639186,0.04555838777243093,0.19880023755242587,False,False
full,LDL cholesterol,True,gene_driven_strict,True,True,256,1214,66,1.0802310654685494,0.8100516050065326,1.440524464850492,0.6012753365690962,1.0,0.9310069727521488,0.32278199202629027,0.7140655402874257,False,False
full,LDL cholesterol,True,gene_driven_all,True,True,256,1266,71,1.1314395567115232,0.8539399557381578,1.499116491609745,0.37783721726433467,0.7543224527071491,0.6975456318726179,0.21444481107395136,0.6044111292248474,False,False
full,LDL cholesterol,True,dual_driven,False,True,256,11,1,1.8462745098039215,0.23542694013074855,14.478927363447074,0.44112746776230627,,0.7322987206468582,0.44112746776230627,0.7865430703244032,False,False
full,Crohn disease,True,regulation_driven,True,True,95,293,3,0.5160044977511244,0.16240595509558173,1.639475852610739,0.37511166321024814,0.7543224527071491,0.6975456318726179,0.9255024857570309,1.0,False,False
full,Crohn disease,True,gene_driven_strict,True,True,95,1214,27,1.2349967788294762,0.7869857607514842,1.9380490979439946,0.39811462781766205,0.7543224527071491,0.7077593383425104,0.21004049386793827,0.6044111292248474,False,False
full,Crohn disease,True,gene_driven_all,True,True,95,1266,29,1.2936723745131182,0.8320051354852093,2.0115118779914805,0.2838902540798429,0.6387530716796466,0.6386305441862382,0.15220209302651788,0.5394027595731848,False,False
full,Crohn disease,True,dual_driven,False,True,95,11,0,2.2164807648531757,0.1296666875376353,37.887811235543445,1.0,,1.0,1.0,1.0,False,False
full,Type 2 diabetes,True,regulation_driven,True,True,561,293,60,2.1484927141425305,1.5940348017263017,2.895809387426483,2.28146653346122e-06,1.5443948673348768e-05,2.0591931564465023e-05,1.724951008630618e-06,1.6559529682853932e-05,True,True
full,Type 2 diabetes,True,gene_driven_strict,True,True,561,1214,141,1.0450006656903208,0.8531932029900694,1.2799286110884829,0.6764589608872333,1.0,0.9839403067450668,0.3522776189223056,0.7140655402874257,False,False
full,Type 2 diabetes,True,gene_driven_all,True,True,561,1266,146,1.0343760757314975,0.8465249259443985,1.263913008647743,0.7575577420137029,1.0,1.0,0.387792754946075,0.744562089496464,False,False
full,Type 2 diabetes,True,dual_driven,False,True,561,11,2,1.7507453786523555,0.37731079551354657,8.1235666122427,0.35703277014371293,,0.6975456318726179,0.35703277014371293,0.7140655402874257,False,False
LOO-brain,Schizophrenia,False,regulation_driven,True,True,257,613,50,1.7822054041067092,1.2926565619037795,2.4571538922521534,0.0008390070223819194,0.0037755316007186,0.005034042134291516,0.0005196052093761332,0.0031176312562567992,True,True
LOO-brain,Schizophrenia,False,gene_driven_strict,True,True,257,1099,52,0.8891373727490857,0.650844291935543,1.214676501606994,0.4879870329426359,0.7773439067873329,0.7411972200076972,0.7914460382920909,0.9997213115268517,False,False
LOO-brain,Schizophrenia,False,gene_driven_all,True,True,257,1140,55,0.9114386092987179,0.671360544479703,1.2373684234961708,0.5941027195528479,0.8226037655347125,0.7921369594037971,0.7466478073963607,0.9892183506751309,False,False
LOO-brain,Schizophrenia,False,dual_driven,False,True,257,24,2,1.6737967914438503,0.3914344303198915,7.157254145370359,0.3542093291784573,,0.6509619018019428,0.3542093291784573,0.8096213238364738,False,False
LOO-brain,ASD,False,regulation_driven,True,True,116,613,21,1.592923186344239,0.9853040409352142,2.575250046863375,0.06254663922819073,0.2046980920195333,0.2501865569127629,0.04328409889772824,0.18887606791735959,False,False
LOO-brain,ASD,False,gene_driven_strict,True,True,116,1099,22,0.8216479977873921,0.5139863439521053,1.3134695896335689,0.4966363848919071,0.7773439067873329,0.7411972200076972,0.8245916944123781,1.0,False,False
LOO-brain,ASD,False,gene_driven_all,True,True,116,1140,22,0.7829330491378982,0.489830480877684,1.2514210188267874,0.37087425757767434,0.6509619018019428,0.6509619018019428,0.8736326526476695,1.0,False,False
LOO-brain,ASD,False,dual_driven,False,True,116,24,2,3.8564593301435406,0.8961281043116796,16.596152373186236,0.10676498497022127,,0.3416479519047081,0.10676498497022127,0.3942091752746632,False,False
LOO-brain,Educational attainment,False,regulation_driven,True,True,822,613,189,2.625234731288563,2.1687655425920265,3.177778906486519,2.818615315369389e-21,1.0147015135329801e-19,1.3529353513773067e-19,2.2751227776155685e-21,1.092058933255473e-19,True,True
LOO-brain,Educational attainment,False,gene_driven_strict,True,True,822,1099,171,0.9125615763546798,0.759519490411487,1.0964414227049877,0.35744752693611376,0.6509619018019428,0.6509619018019428,0.8469728849957031,1.0,False,False
LOO-brain,Educational attainment,False,gene_driven_all,True,True,822,1140,181,0.9401580234220839,0.7852283814575659,1.1256560892057947,0.5250146975054522,0.7875220462581782,0.7411972200076972,0.7625224786454134,0.9892183506751309,False,False
LOO-brain,Educational attainment,False,dual_driven,False,True,822,24,8,2.5405405405405403,1.0836672741044635,5.9560221041683254,0.046471034531724714,,0.2027826961384351,0.03351565813964584,0.16087515907030003,False,False
LOO-brain,Intelligence,False,regulation_driven,True,True,180,613,33,1.6310344827586207,1.1071755026255596,2.402756814650523,0.020078549545882618,0.0803141981835304,0.10708559757804063,0.0113114187065665,0.060327566435021324,False,False
LOO-brain,Intelligence,False,gene_driven_strict,True,True,180,1099,32,0.7552369614225284,0.5123001047274861,1.1133764421191055,0.170089072472341,0.4373719006431625,0.45357085992624274,0.9378391482976921,1.0,False,False
LOO-brain,Intelligence,False,gene_driven_all,True,True,180,1140,32,0.7192896867987121,0.48799253582894203,1.060216326170095,0.1038412614002586,0.3115237842007758,0.3416479519047081,0.9639804750919391,1.0,False,False
LOO-brain,Intelligence,False,dual_driven,False,True,180,24,2,2.4371807967313583,0.568686401393823,10.444860684900876,0.2149298266540773,,0.5210663516018952,0.2149298266540773,0.5803262326126016,False,False
LOO-brain,Major depression,False,regulation_driven,True,True,154,613,38,2.418440779610195,1.6595762269098921,3.5243068137774274,1.625951894560587e-05,8.362038314883018e-05,0.00011149384419844025,1.3863086950774733e-05,9.506116766245532e-05,True,True
LOO-brain,Major depression,False,gene_driven_strict,True,True,154,1099,23,0.6109140440988677,0.39020977100702053,0.9564495740690167,0.029718307870812463,0.1069859083349248,0.14264787777989982,0.9909173029231395,1.0,False,False
LOO-brain,Major depression,False,gene_driven_all,True,True,154,1140,27,0.7080883757454847,0.46490525057209875,1.0784759846202723,0.11895947844624583,0.3294262480049884,0.3568784353387375,0.9599709977895204,1.0,False,False
LOO-brain,Major depression,False,dual_driven,False,True,154,24,2,2.869617224880383,0.6687427808303164,12.313707532073717,0.1691757573179177,,0.45357085992624274,0.1691757573179177,0.5413624234173366,False,False
LOO-brain,Bipolar disorder,False,regulation_driven,True,True,115,613,32,2.838811355577214,1.8709361828144713,4.307388988774122,4.8804388257779265e-06,4.392394943200134e-05,5.856526590933512e-05,4.65685576279646e-06,5.181389941978406e-05,True,True
LOO-brain,Bipolar disorder,False,gene_driven_strict,True,True,115,1099,20,0.7375249987805473,0.45321945380689044,1.200176027876358,0.255453859583194,0.5548726095028984,0.5716869310029863,0.9135626455855967,1.0,False,False
LOO-brain,Bipolar disorder,False,gene_driven_all,True,True,115,1140,21,0.7466773144715076,0.4630642240883285,1.2039950031640443,0.26202317670970204,0.5548726095028984,0.5716869310029863,0.9084644668892545,1.0,False,False
LOO-brain,Bipolar disorder,False,dual_driven,False,True,115,24,1,1.8443935926773456,0.24694238349147987,13.775633314184057,0.43034139151729955,,0.7122891997527717,0.43034139151729955,0.889514449435566,False,False
LOO-brain,Neuroticism,False,regulation_driven,True,True,122,613,33,2.731034482758621,1.8146691923710465,4.110142706655701,8.09706730850066e-06,5.829888462120476e-05,7.773184616160635e-05,6.4767374274730074e-06,5.181389941978406e-05,True,True
LOO-brain,Neuroticism,False,gene_driven_strict,True,True,122,1099,26,0.9538482447965206,0.6151755015247463,1.4789705894437413,0.9121991067075553,0.938415242180906,0.9760840878021914,0.6193268754685669,0.9289903132028503,False,False
LOO-brain,Neuroticism,False,gene_driven_all,True,True,122,1140,27,0.9547737267697546,0.6194364330434361,1.4716487773425546,0.9133142441755644,0.938415242180906,0.9760840878021914,0.618486663494915,0.9289903132028503,False,False
LOO-brain,Neuroticism,False,dual_driven,False,True,122,24,1,1.7351778656126482,0.23243229043933974,12.953631440885518,0.4497597004265508,,0.7196155206824812,0.4497597004265508,0.889514449435566,False,False
LOO-brain,Cognitive performance,False,regulation_driven,True,True,149,613,38,2.5303564433999215,1.7329501530241238,3.694684304382511,1.0322246480864016e-05,6.193347888518409e-05,8.257797184691214e-05,6.036139006377781e-06,5.181389941978406e-05,True,True
LOO-brain,Cognitive performance,False,gene_driven_strict,True,True,149,1099,34,1.0438048581343131,0.707694121044331,1.5395473121311176,0.8411225101456654,0.938415242180906,0.9760840878021914,0.44698695719290016,0.889514449435566,False,False
LOO-brain,Cognitive performance,False,gene_driven_all,True,True,149,1140,35,1.0335794236723028,0.7035351171010016,1.5184550125099205,0.8435544016572907,0.938415242180906,0.9760840878021914,0.46570306456994215,0.889514449435566,False,False
LOO-brain,Cognitive performance,False,dual_driven,False,True,149,24,1,1.4106933019976498,0.18923891754770109,10.516101117516714,0.5188834288374135,,0.7411972200076972,0.5188834288374135,0.889514449435566,False,False
LOO-brain,Height,True,regulation_driven,True,True,2191,613,354,1.877948560583291,1.5825134218825145,2.228537684060588,4.1683205253406016e-13,7.502976945613083e-12,1.0003969260817445e-11,2.490739486331831e-13,5.977774767196395e-12,True,True
LOO-brain,Height,True,gene_driven_strict,True,True,2191,1099,479,0.9761051025022611,0.8528033535225665,1.1172343157369369,0.7308180487027762,0.938415242180906,0.9231385878350857,0.6498007477077256,0.9451647239385099,False,False
LOO-brain,Height,True,gene_driven_all,True,True,2191,1140,496,0.9719342604298357,0.850626847686601,1.110541254565873,0.6835911171399331,0.9114548228532442,0.8868209087220754,0.6743332784775247,0.9519999225565056,False,False
LOO-brain,Height,True,dual_driven,False,True,2191,24,15,2.1246936274509802,0.9280359840026142,4.864383588942914,0.09723105907687658,,0.3416479519047081,0.05317050058883809,0.21268200235535237,False,False
LOO-brain,LDL cholesterol,True,regulation_driven,True,True,256,613,36,1.1743815976051677,0.8168957065761401,1.6883087102687793,0.3797277760511333,0.6509619018019428,0.6509619018019428,0.2176223372297256,0.5803262326126016,False,False
LOO-brain,LDL cholesterol,True,gene_driven_strict,True,True,256,1099,57,1.0104842832203242,0.7468066983965972,1.3672594110732537,0.9384152421809062,0.938415242180906,0.9792159048844238,0.49871880082816544,0.889514449435566,False,False
LOO-brain,LDL cholesterol,True,gene_driven_all,True,True,256,1140,62,1.0791270585085018,0.8043213918329795,1.4478232460675715,0.593868910767499,0.8226037655347125,0.7921369594037971,0.3294057411040535,0.7905737786497284,False,False
LOO-brain,LDL cholesterol,True,dual_driven,False,True,256,24,1,0.8005115089514067,0.10767666701341641,5.951323473671531,1.0,,1.0,0.7194954534214659,0.9867366218351533,False,False
LOO-brain,Crohn disease,True,regulation_driven,True,True,95,613,12,1.0291281598941524,0.5584420935529346,1.8965346303837176,0.875098533761641,0.938415242180906,0.9760840878021914,0.510775790118126,0.889514449435566,False,False
LOO-brain,Crohn disease,True,gene_driven_strict,True,True,95,1099,25,1.2652966214418728,0.7974357263110772,2.0076546452694077,0.3185142109243323,0.6370284218486646,0.6509619018019428,0.18893028705026785,0.5667908611508036,False,False
LOO-brain,Crohn disease,True,gene_driven_all,True,True,95,1140,27,1.3435072142064373,0.8559477111523093,2.108787267150661,0.21711097983412297,0.5210663516018952,0.5210663516018952,0.123255826101727,0.42259140377734966,False,False
LOO-brain,Crohn disease,True,dual_driven,False,True,95,24,0,1.037610855860669,0.06263731090580864,17.18841809506974,1.0,,1.0,1.0,1.0,False,False
LOO-brain,Type 2 diabetes,True,regulation_driven,True,True,561,613,105,1.7700347078325736,1.4043504401643598,2.2309409228121626,3.1942962577566274e-06,3.833155509307953e-05,5.110874012410604e-05,2.301180529757971e-06,3.6818888476127534e-05,True,True
LOO-brain,Type 2 diabetes,True,gene_driven_strict,True,True,561,1099,122,0.9773585169607114,0.7900059454204541,1.209142382045305,0.8713075214838243,0.938415242180906,0.9760840878021914,0.6016615315246735,0.9289903132028503,False,False
LOO-brain,Type 2 diabetes,True,gene_driven_all,True,True,561,1140,127,0.9821627596999377,0.7962724254951071,1.2114493176648689,0.9150788323145544,0.938415242180906,0.9760840878021914,0.5848487770556021,0.9289903132028503,False,False
LOO-brain,Type 2 diabetes,True,dual_driven,False,True,561,24,4,1.57737881508079,0.5371997998215737,4.631654604287056,0.33909661072062025,,0.6509619018019428,0.2829140248215291,0.7147301679701787,False,False
LOO-tau,Schizophrenia,False,regulation_driven,True,True,257,148,18,2.6574187318957194,1.5961060311443682,4.424439341017379,0.0008856733683073803,0.0065974257652628,0.008796567687017127,0.0005411089423392707,0.006493307308071249,True,True
LOO-tau,Schizophrenia,False,gene_driven_strict,True,True,257,1339,64,0.8952067459107995,0.6698982087102946,1.1962938659995366,0.47126326903478427,0.7689718689323624,0.7860601326864148,0.7932117841424999,0.9677164926253926,False,False
LOO-tau,Schizophrenia,False,gene_driven_all,True,True,257,1405,67,0.8905396900322555,0.6693004089384741,1.18491028681808,0.47679842450625265,0.7689718689323624,0.7860601326864148,0.8064304105211605,0.9677164926253926,False,False
LOO-tau,Schizophrenia,False,dual_driven,False,True,257,9,1,2.29931640625,0.28648073234425636,18.454490439159237,0.3798890501430835,,0.7117904086567292,0.3798890501430835,0.7293869762747204,False,False
LOO-tau,ASD,False,regulation_driven,True,True,116,148,8,2.4962962962962965,1.1939031642426676,5.21943101043329,0.021534193162927255,0.0776588226791817,0.1035450969055756,0.021534193162927255,0.10336412718205082,False,False
LOO-tau,ASD,False,gene_driven_strict,True,True,116,1339,31,0.9898363014930743,0.6529119040600926,1.5006249658810202,1.0,1.0,1.0,0.5551319565603227,0.9188391005136375,False,False
LOO-tau,ASD,False,gene_driven_all,True,True,116,1405,32,0.9669475947698817,0.6404798017467723,1.4598237891051045,0.917252892877136,0.9712089453993203,1.0,0.5989229237317175,0.958276677970748,False,False
LOO-tau,ASD,False,dual_driven,False,True,116,9,1,5.271739130434782,0.6539382866088259,42.49825102530125,0.19148063943939606,,0.5358027498358618,0.19148063943939606,0.5561219485598528,False,False
LOO-tau,Educational attainment,False,regulation_driven,True,True,822,148,58,3.426352530541012,2.441317082192609,4.8088352591220564,1.9176776629315422e-11,6.903639586553551e-10,9.204852782071403e-10,1.7601318660874937e-11,8.44863295721997e-10,True,True
LOO-tau,Educational attainment,False,gene_driven_strict,True,True,822,1339,213,0.9399242271784686,0.7926898772935544,1.1145059097429009,0.49128758292900926,0.7689718689323624,0.7860601326864148,0.7745642418137426,0.9677164926253926,False,False
LOO-tau,Educational attainment,False,gene_driven_all,True,True,822,1405,228,0.970194725504836,0.8210210583441913,1.1464721834245553,0.7346597438069118,0.8793623895264615,0.904196607762353,0.6532631923184223,0.9648395998844619,False,False
LOO-tau,Educational attainment,False,dual_driven,False,True,822,9,2,1.4442508710801394,0.29948534661774145,6.9648168171583436,0.6492193881070061,,0.8656258508093414,0.4527291399744612,0.827629177538121,False,False
LOO-tau,Intelligence,False,regulation_driven,True,True,180,148,11,2.2125426510603377,1.1747181412160843,4.1672506884871785,0.021571895188661587,0.0776588226791817,0.1035450969055756,0.01764131928244762,0.09408703617305397,False,False
LOO-tau,Intelligence,False,gene_driven_strict,True,True,180,1339,46,0.9294940610174187,0.6609550171361958,1.3071376826974388,0.7323152227801885,0.8793623895264615,0.904196607762353,0.6902804715832075,0.9648395998844619,False,False
LOO-tau,Intelligence,False,gene_driven_all,True,True,180,1405,49,0.9483550631628724,0.6789516673611488,1.3246558909299475,0.8006513782859738,0.9007328005717204,0.9373479550665058,0.6500916335440889,0.9648395998844619,False,False
LOO-tau,Intelligence,False,dual_driven,False,True,180,9,0,1.3953929144190116,0.08089758662105244,24.068967529670065,1.0,,1.0,1.0,1.0,False,False
LOO-tau,Major depression,False,regulation_driven,True,True,154,148,12,2.9105219552609776,1.5760739433248536,5.374835418055097,0.0019421070088960712,0.009987978902894,0.013317305203858773,0.0019421070088960712,0.013317305203858773,True,True
LOO-tau,Major depression,False,gene_driven_strict,True,True,154,1339,30,0.6489193918036423,0.43332933642916976,0.9717698333762356,0.03387936641954486,0.110877926463965,0.14783723528528664,0.9883584837507049,1.0,False,False
LOO-tau,Major depression,False,gene_driven_all,True,True,154,1405,34,0.712776562120107,0.4845738127063553,1.048447964346827,0.10121473486593202,0.2969664791434955,0.3959553055246608,0.9679608757384204,1.0,False,False
LOO-tau,Major depression,False,dual_driven,False,True,154,9,1,3.931372549019607,0.48864113677379234,31.629940576083474,0.2466951364407425,,0.592068327457782,0.2466951364407425,0.6232298183766126,False,False
LOO-tau,Bipolar disorder,False,regulation_driven,True,True,115,148,6,1.8285308179351338,0.7904412800116777,4.229947292339202,0.15650740591003384,0.4024476151972299,0.5358027498358618,0.12675333617261314,0.4345828668775308,False,False
LOO-tau,Bipolar disorder,False,gene_driven_strict,True,True,115,1339,26,0.7889642896873957,0.5073573559683415,1.226876171360326,0.33850892198291216,0.6770178439658243,0.7064534023991209,0.8784753113117512,1.0,False,False
LOO-tau,Bipolar disorder,False,gene_driven_all,True,True,115,1405,27,0.7750610238817786,0.5013226335694895,1.1982694387114754,0.29455712166269454,0.6237680223445295,0.6426700836276972,0.8968301968292738,1.0,False,False
LOO-tau,Bipolar disorder,False,dual_driven,False,True,115,9,1,5.319078947368422,0.6597643124102865,42.88289062646918,0.18998029423423196,,0.5358027498358618,0.18998029423423196,0.5561219485598528,False,False
LOO-tau,Neuroticism,False,regulation_driven,True,True,122,148,11,3.410600381403301,1.7940403316813371,6.483797914803227,0.0009163091340642841,0.0065974257652628,0.008796567687017127,0.0009163091340642841,0.008796567687017127,True,True
LOO-tau,Neuroticism,False,gene_driven_strict,True,True,122,1339,31,0.9230097120005377,0.611024156608048,1.39429336669223,0.7572287243144529,0.8793623895264615,0.9086744691773434,0.6815867541082479,0.9648395998844619,False,False
LOO-tau,Neuroticism,False,gene_driven_all,True,True,122,1405,32,0.9009306465970705,0.5989731537784834,1.3551125369435095,0.6841709477865792,0.8793623895264615,0.8875731214528596,0.7236296999133465,0.9648395998844619,False,False
LOO-tau,Neuroticism,False,dual_driven,False,True,122,9,1,5.0041322314049586,0.620988971118642,40.32493418405935,0.20043095000943598,,0.5358027498358618,0.20043095000943598,0.5561219485598528,False,False
LOO-tau,Cognitive performance,False,regulation_driven,True,True,149,148,12,3.019965650493774,1.63402508284687,5.581427498207484,0.0014627532076389252,0.0087765192458335,0.011702025661111401,0.0014627532076389252,0.011702025661111401,True,True
LOO-tau,Cognitive performance,False,gene_driven_strict,True,True,149,1339,41,1.031551389602237,0.7160095291097583,1.4861509884000283,0.8516432261904108,0.9290653376622664,0.9733065442176124,0.4655414123651931,0.827629177538121,False,False
LOO-tau,Cognitive performance,False,gene_driven_all,True,True,149,1405,42,0.9970035860971881,0.6939530110169381,1.4323969129177698,1.0,1.0,1.0,0.5382561649012336,0.9188391005136375,False,False
LOO-tau,Cognitive performance,False,dual_driven,False,True,149,9,0,1.6956521739130435,0.09822900501116562,29.270746400914916,1.0,,1.0,1.0,1.0,False,False
LOO-tau,Height,True,regulation_driven,True,True,2191,148,95,2.334635604205675,1.660355839076638,3.2827441420364187,7.915952770561446e-07,1.4248714987010605e-05,1.899828664934747e-05,4.448267203259836e-07,1.0675841287823607e-05,True,True
LOO-tau,Height,True,gene_driven_strict,True,True,2191,1339,582,0.9680783374233279,0.8531909491952698,1.0984360163129478,0.6291732065170312,0.8388976086893749,0.8628661117947857,0.7037137438347076,0.9648395998844619,False,False
LOO-tau,Height,True,gene_driven_all,True,True,2191,1405,607,0.9532155831497937,0.8416197523586613,1.0796086301600816,0.46567494850759594,0.7689718689323624,0.7860601326864148,0.7839971966785324,0.9677164926253926,False,False
LOO-tau,Height,True,dual_driven,False,True,2191,9,5,1.5890896614821592,0.42620275044723044,5.924893608921319,0.5192914389917832,,0.7920681713772854,0.35617058216386477,0.7293869762747204,False,False
LOO-tau,LDL cholesterol,True,regulation_driven,True,True,256,148,15,2.1456649923564095,1.2387644625782417,3.7165081809352003,0.011943209108179378,0.0537444409868072,0.07165925464907627,0.008638975730330867,0.051833854381985206,False,False
LOO-tau,LDL cholesterol,True,gene_driven_strict,True,True,256,1339,75,1.1322907196307435,0.8585425416591657,1.493324106321202,0.38555313802239494,0.7305217352003273,0.7117904086567292,0.20854573070994478,0.5561219485598528,False,False
LOO-tau,LDL cholesterol,True,gene_driven_all,True,True,256,1405,81,1.186508416055244,0.9048983919502688,1.5557572362746486,0.22565303746715704,0.5077193343011033,0.5700708314959757,0.12218216059438992,0.4345828668775308,False,False
LOO-tau,LDL cholesterol,True,dual_driven,False,True,256,9,1,2.3088235294117645,0.28766120953531726,18.53105637209987,0.3787038731312523,,0.7117904086567292,0.3787038731312523,0.7293869762747204,False,False
LOO-tau,Crohn disease,True,regulation_driven,True,True,95,148,1,0.342451874366768,0.04741352438997179,2.473414237101441,0.5320103015656791,0.7841474896635126,0.7920681713772854,0.9448387260958372,1.0,False,False
LOO-tau,Crohn disease,True,gene_driven_strict,True,True,95,1339,31,1.322403000764526,0.8571919399787299,2.0400911568002096,0.2009260311884482,0.4822224748522757,0.5358027498358618,0.12590727067799465,0.4345828668775308,False,False
LOO-tau,Crohn disease,True,gene_driven_all,True,True,95,1405,34,1.4261697217538951,0.933224422827604,2.179497262925061,0.10723789524626229,0.2969664791434955,0.3959553055246608,0.06484301262569478,0.28295132782121357,False,False
LOO-tau,Crohn disease,True,dual_driven,False,True,95,9,0,2.6842105263157894,0.15510045942370546,46.45367380828843,1.0,,1.0,1.0,1.0,False,False
LOO-tau,Type 2 diabetes,True,regulation_driven,True,True,561,148,33,2.3358695652173913,1.5697377353242958,3.475922444192028,9.525474731446974e-05,0.0011430569677736,0.0015240759570315156,7.375360084873312e-05,0.00118005761357973,True,True
LOO-tau,Type 2 diabetes,True,gene_driven_strict,True,True,561,1339,157,1.0622769764286073,0.873202962617639,1.2922910514040773,0.5445468678218837,0.7841474896635126,0.7920681713772854,0.2884880058508789,0.6594011562305804,False,False
LOO-tau,Type 2 diabetes,True,gene_driven_all,True,True,561,1405,164,1.0558804247001585,0.8701970692623275,1.2811850449118176,0.584149107752476,0.8088218415034283,0.8246810932976132,0.3066265710492632,0.669003427743847,False,False
LOO-tau,Type 2 diabetes,True,dual_driven,False,True,561,9,2,2.251980577561973,0.46666294010095755,10.867407899627107,0.26966362211496153,,0.6163739934056264,0.26966362211496153,0.6471926930759077,False,False
