gene,null_set,p_baseline,p_realigned
ENSG00000000460,R7_parametric,0.5,0.0001056640664909847
ENSG00000007171,R7_parametric,0.5,0.5
ENSG00000013374,R7_parametric,0.5,0.5
ENSG00000018280,R7_parametric,0.5,0.5
ENSG00000019505,R7_parametric,0.1383745325178558,0.1508318599084491
ENSG00000030419,R7_parametric,0.5,0.03191203214139648
ENSG00000035403,R7_parametric,0.5,0.5
ENSG00000036549,R7_parametric,0.5,0.3139428498302351
ENSG00000050130,R7_parametric,0.5,0.002936506359775104
ENSG00000053328,R7_parametric,0.5,0.5
ENSG00000054116,R7_parametric,0.49963070226763,0.5
ENSG00000058804,R7_parametric,0.5,0.5
ENSG00000064886,R7_parametric,0.5,0.5
ENSG00000065135,R7_parametric,0.5,0.5
ENSG00000065243,R7_parametric,0.4392813774001819,
ENSG00000065357,R7_parametric,0.5,0
ENSG00000066294,R7_parametric,0.5,0.5
ENSG00000069956,R7_parametric,0.3700106358825093,0.461431201580486
ENSG00000070047,R7_parametric,0.05450651854960559,0.0007521427959498173
ENSG00000070087,R7_parametric,0.5,0.07408043252696239
ENSG00000070748,R7_parametric,0.4994806852394909,0.4999999893443602
ENSG00000072571,R7_parametric,0.3782090648865144,0.008203276859545916
ENSG00000073598,R7_parametric,0.5,0.5
ENSG00000074276,R7_parametric,0.5,0.4753771377450154
ENSG00000077152,R7_parametric,0.5,0.5
ENSG00000078295,R7_parametric,0.2691438523730095,0.5
ENSG00000079277,R7_parametric,0.498801818902263,0.2249860726625751
ENSG00000079393,R7_parametric,0.5,0.5
ENSG00000080166,R7_parametric,0.5,0.5
ENSG00000081800,R7_parametric,0.5,0.140233013249825
ENSG00000084110,R7_parametric,0.5,0.5
ENSG00000085871,R7_parametric,0.5,0.5
ENSG00000087116,R7_parametric,0.441417406471929,
ENSG00000089775,R7_parametric,0.3537711861740483,0.3580631063066614
ENSG00000090054,R7_parametric,0.4335326149156027,0.3606630539763171
ENSG00000092847,R7_parametric,0.2030291080043782,0.0406637416450879
ENSG00000095574,R7_parametric,0.5,0.5
ENSG00000096654,R7_parametric,0.5,0
ENSG00000099260,R7_parametric,0.5,0.2911933705858679
ENSG00000100504,R7_parametric,0.5,0
ENSG00000100626,R7_parametric,0.4517527983865852,0.5
ENSG00000100628,R7_parametric,0.4996168469821444,0.01681327488654133
ENSG00000100802,R7_parametric,0.5,0.5
ENSG00000100811,R7_parametric,0.5,0.5
ENSG00000100889,R7_parametric,0.5,0.5
ENSG00000100890,R7_parametric,0.5,0.5
ENSG00000102678,R7_parametric,0.5,0.5
ENSG00000104237,R7_parametric,0.5,0.5
ENSG00000104371,R7_parametric,0.5,0.5
ENSG00000104671,R7_parametric,0.5,0.5
ENSG00000104765,R7_parametric,0.3841310495881097,0.3869570057544126
ENSG00000105991,R7_parametric,0.4846819383642683,0.4818613065637003
ENSG00000106367,R7_parametric,0.5,0.5
ENSG00000106462,R7_parametric,0.1365567046341645,
ENSG00000106483,R7_parametric,0.2787936765824199,0.1720809843282726
ENSG00000107404,R7_parametric,0.5,0.5
ENSG00000107831,R7_parametric,0.5,0.1299960961568367
ENSG00000109182,R7_parametric,0.5,0.5
ENSG00000109787,R7_parametric,0.5,1.432187701766452e-14
ENSG00000109851,R7_parametric,0.5,0.5
ENSG00000109906,R7_parametric,0.1104639999113771,0.5
ENSG00000110042,R7_parametric,0.5,0.5
ENSG00000110218,R7_parametric,0.5,0.0005734685645417126
ENSG00000110395,R7_parametric,0.1343360039769946,0.3206809400523176
ENSG00000110844,R7_parametric,0.2029488951718857,0.0009171753512969283
ENSG00000111110,R7_parametric,0.4564290187088609,3.824163208321352e-13
ENSG00000111291,R7_parametric,0.5,0.5
ENSG00000111726,R7_parametric,0.5,2.700450973947e-12
ENSG00000112079,R7_parametric,0.5,0.5
ENSG00000112210,R7_parametric,0.5,0.5
ENSG00000112238,R7_parametric,0.5,0.5
ENSG00000112245,R7_parametric,0.5,0.4945550310627277
ENSG00000113361,R7_parametric,0.469147606771805,0.5
ENSG00000113430,R7_parametric,0.4999084676983384,0.4999999580509229
ENSG00000113525,R7_parametric,0.5,0.5
ENSG00000113790,R7_parametric,0.5,0.4995894966509271
ENSG00000113946,R7_parametric,0.5,0.5
ENSG00000114124,R7_parametric,0.5,0.5
ENSG00000114125,R7_parametric,0.5,0.5
ENSG00000114491,R7_parametric,0.5,0.4874408274307431
ENSG00000114767,R7_parametric,0.5,0.5
ENSG00000114790,R7_parametric,0.5,0.5
ENSG00000115041,R7_parametric,0,0.5
ENSG00000115137,R7_parametric,0.5,0.5
ENSG00000115307,R7_parametric,0.5,0.5
ENSG00000115353,R7_parametric,0.5,0.4844217612656065
ENSG00000115839,R7_parametric,0.5,0.5
ENSG00000116001,R7_parametric,0.4985431404766172,0.01366950836036124
ENSG00000116132,R7_parametric,0.5,0.5
ENSG00000116171,R7_parametric,0.5,0.5
ENSG00000116353,R7_parametric,0.5,0.5
ENSG00000116489,R7_parametric,0.5,0.5
ENSG00000116745,R7_parametric,0.5,0.5
ENSG00000116863,R7_parametric,0.5,0.5
ENSG00000116983,R7_parametric,0.5,0.5
ENSG00000117054,R7_parametric,0.5,0.5
ENSG00000117245,R7_parametric,0.3685308693311079,0.4225815104112747
ENSG00000117477,R7_parametric,0.5,0.5
ENSG00000117569,R7_parametric,0.1039708134724233,0.4282817949572285
ENSG00000118094,R7_parametric,0.5,0.5
ENSG00000118298,R7_parametric,0.5,0.5
ENSG00000119402,R7_parametric,0.3311254610648484,0.4544166162013676
ENSG00000119699,R7_parametric,0.5,0.5
ENSG00000119718,R7_parametric,0.5,0.5
ENSG00000132424,R7_parametric,0.3694043531696142,0.5
ENSG00000132768,R7_parametric,0.2051426810723785,0.06242947521866155
ENSG00000132855,R7_parametric,0.5,0.5
ENSG00000133678,R7_parametric,0.4620843777238116,0.5
ENSG00000134057,R7_parametric,0.5,0.4548931501879135
ENSG00000134086,R7_parametric,0.5,0.5
ENSG00000134202,R7_parametric,0.3371315923103932,0.001208442810161026
ENSG00000134259,R7_parametric,0.5,0.5
ENSG00000134343,R7_parametric,0.5,0.5
ENSG00000134825,R7_parametric,0.2012496661548446,0.4533202584058264
ENSG00000134882,R7_parametric,0.5,0.5
ENSG00000134955,R7_parametric,0.4938500247336169,0.489345716178115
ENSG00000135063,R7_parametric,0.5,0.001396052484659793
ENSG00000135083,R7_parametric,0.4126330027599888,0.5
ENSG00000135100,R7_parametric,0.5,0.02336731178098705
ENSG00000135312,R7_parametric,0.5,0.5
ENSG00000135457,R7_parametric,0.4318915063396629,0
ENSG00000135677,R7_parametric,0.3065103522421442,
ENSG00000135775,R7_parametric,0.5,0.5
ENSG00000135824,R7_parametric,0.5,0.4999446150522904
ENSG00000135845,R7_parametric,0.5,0.5
ENSG00000135913,R7_parametric,0.5,0.03055278319339322
ENSG00000135916,R7_parametric,0.5,0.5
ENSG00000136270,R7_parametric,0.5,0.5
ENSG00000136689,R7_parametric,0.4684892690623524,0.47844177737655
ENSG00000136870,R7_parametric,0.5,0.5
ENSG00000136943,R7_parametric,0.5,0.1227596989231725
ENSG00000137161,R7_parametric,0.5,0.5
ENSG00000137261,R7_parametric,0.5,0.5
ENSG00000137673,R7_parametric,0.5,0.5
ENSG00000137807,R7_parametric,0.1903775328295125,0.1948865768511752
ENSG00000138439,R7_parametric,0.5,0.5
ENSG00000138669,R7_parametric,0.5,0
ENSG00000138678,R7_parametric,0.5,0.5
ENSG00000138834,R7_parametric,0.331342042582102,0.06306410757924774
ENSG00000139131,R7_parametric,0.494695176543908,0.5
ENSG00000139154,R7_parametric,0.1484367571041422,2.851084454080777e-07
ENSG00000139233,R7_parametric,0.270280501040406,0.5
ENSG00000139266,R7_parametric,0.1737645281597399,0.5
ENSG00000139405,R7_parametric,0.44039450420139,0.5
ENSG00000139718,R7_parametric,0.5,0.5
ENSG00000140545,R7_parametric,0.5,0.5
ENSG00000141068,R7_parametric,0.4999636042489669,0.4227010171046638
ENSG00000141127,R7_parametric,0.5,0.06393728013946198
ENSG00000142619,R7_parametric,0.5,0.5
ENSG00000143125,R7_parametric,0.4914965266999767,1.44356298235615e-05
ENSG00000143171,R7_parametric,0.2658201622000179,0.2632627355336704
ENSG00000143748,R7_parametric,0.5,0.06619681472781291
ENSG00000143858,R7_parametric,0.5,0.5
ENSG00000143889,R7_parametric,0.4918377735934942,0
ENSG00000144034,R7_parametric,0.5,0.5
ENSG00000144120,R7_parametric,0.5,0.5
ENSG00000144647,R7_parametric,0.5,0.5
ENSG00000144655,R7_parametric,0.5,0.4673650754350814
ENSG00000144746,R7_parametric,0.5,0.5
ENSG00000144771,R7_parametric,0.3771122217689382,0.3578237292888574
ENSG00000145414,R7_parametric,0.5,0.1677853658969361
ENSG00000145428,R7_parametric,0.5,0.5
ENSG00000145757,R7_parametric,0.009140940667992259,0.4903088397227076
ENSG00000146039,R7_parametric,0.5,0.5
ENSG00000146151,R7_parametric,0.5,0.5
ENSG00000146216,R7_parametric,0.5,0.5
ENSG00000146221,R7_parametric,0.5,0.5
ENSG00000146352,R7_parametric,0.5,0.5
ENSG00000146433,R7_parametric,0.3595908662926644,5.159185761099971e-05
ENSG00000146476,R7_parametric,0.5,0.5
ENSG00000146574,R7_parametric,0.5,6.545558524639894e-07
ENSG00000146587,R7_parametric,0.5,0.5
ENSG00000146842,R7_parametric,0.5,0.5
ENSG00000147416,R7_parametric,0.5,0.07743210797605948
ENSG00000147912,R7_parametric,0.5,0.5
ENSG00000148110,R7_parametric,0.5,0.5
ENSG00000148218,R7_parametric,0.3260141550208016,0.4578159406235686
ENSG00000148225,R7_parametric,0.5,0.01100382903833258
ENSG00000148291,R7_parametric,0.5,0.5
ENSG00000148308,R7_parametric,0.5,0.00109339369707262
ENSG00000148926,R7_parametric,0.5,0.5
ENSG00000149485,R7_parametric,0.3745067725672614,0.2464920702291644
ENSG00000149575,R7_parametric,0.5,0.4153316979286794
ENSG00000150782,R7_parametric,0.5,0.5
ENSG00000151532,R7_parametric,0.5,0.5
ENSG00000151575,R7_parametric,0.5,0.5
ENSG00000151665,R7_parametric,0.3575548885703617,0.3632192828589015
ENSG00000151704,R7_parametric,0.4523645957910009,0.1669681035117371
ENSG00000151881,R7_parametric,0.5,0.4965273651407564
ENSG00000152154,R7_parametric,0.5,0.5
ENSG00000152402,R7_parametric,0.5,0.5
ENSG00000153162,R7_parametric,0.5,0.5
ENSG00000153179,R7_parametric,0.5,0.4084525899496964
ENSG00000154001,R7_parametric,0.5,0.5
ENSG00000154269,R7_parametric,0.05654535440293124,0.02225078326823865
ENSG00000155463,R7_parametric,0.5,0.4947514379652904
ENSG00000155754,R7_parametric,0.4289131878113305,0.4669093381529263
ENSG00000156127,R7_parametric,0.5,0.5
ENSG00000156384,R7_parametric,0.5,0.5
ENSG00000156574,R7_parametric,0.5,0.5
ENSG00000156966,R7_parametric,0.5,0.5
ENSG00000157927,R7_parametric,0.0003670735128271096,0.0001107236640294218
ENSG00000157954,R7_parametric,0.5,0.1256775304582114
ENSG00000157992,R7_parametric,0.5,0.5
ENSG00000158417,R7_parametric,0.5,0.5
ENSG00000158869,R7_parametric,0.2435038367885569,0.2709183911243442
ENSG00000158882,R7_parametric,0.4350760936337917,0.1811526621318844
ENSG00000160050,R7_parametric,0.5,0.430535042378237
ENSG00000160767,R7_parametric,0.2209057761137296,
ENSG00000160908,R7_parametric,0.5,0.5
ENSG00000161638,R7_parametric,0.5,0.5
ENSG00000162650,R7_parametric,0.5,0.5
ENSG00000162692,R7_parametric,0.5,0.5
ENSG00000162723,R7_parametric,0.5,0.5
ENSG00000162728,R7_parametric,0.5,0.5
ENSG00000162819,R7_parametric,0.4878322250902254,0.5
ENSG00000162836,R7_parametric,0.5,0.2398393118470484
ENSG00000163382,R7_parametric,0.2273947013823887,0.2273871520713604
ENSG00000163444,R7_parametric,0.5,0.5
ENSG00000163581,R7_parametric,0.5,0.5
ENSG00000163738,R7_parametric,0.5,0.5
ENSG00000163781,R7_parametric,0.5,0.003154594095720775
ENSG00000163875,R7_parametric,0.5,0.5
ENSG00000164007,R7_parametric,0.5,0.5
ENSG00000164088,R7_parametric,0.5,0.0002411639280961997
ENSG00000164175,R7_parametric,0.5,0.03252773177369594
ENSG00000164187,R7_parametric,0.3662230097519201,0.5
ENSG00000164363,R7_parametric,0.5,0.5
ENSG00000164458,R7_parametric,0.3735400419891408,0.3792493456096324
ENSG00000164530,R7_parametric,0.5,2.386979502944087e-15
ENSG00000164548,R7_parametric,0.5,0.5
ENSG00000164591,R7_parametric,0.5,0.5
ENSG00000164603,R7_parametric,0.5,0.3475960369176564
ENSG00000164615,R7_parametric,0.5,0.426125324827034
ENSG00000164754,R7_parametric,0.5,0.5
ENSG00000164794,R7_parametric,0.5,0.5
ENSG00000164808,R7_parametric,0.5,0.2708326552219139
ENSG00000164900,R7_parametric,0.5,0.5
ENSG00000165006,R7_parametric,0.5,1.299116752007112e-06
ENSG00000165494,R7_parametric,0.2727042154845497,0.5
ENSG00000165525,R7_parametric,0.5,0.5
ENSG00000165632,R7_parametric,0.4604865590238565,0.5
ENSG00000165685,R7_parametric,0.5,0.5
ENSG00000165828,R7_parametric,0.3644263765830308,0.5
ENSG00000165929,R7_parametric,0.5,0.5
ENSG00000166086,R7_parametric,0.5,0.5
ENSG00000166224,R7_parametric,0.5,0.4510144887900116
ENSG00000166272,R7_parametric,0.5,0.001867879363830482
ENSG00000166477,R7_parametric,0.5,0.5
ENSG00000166886,R7_parametric,0.4672245143385073,0.3204997013581669
ENSG00000167525,R7_parametric,0.5,0
ENSG00000168077,R7_parametric,0.5,0.04429860420410414
ENSG00000168209,R7_parametric,0.3416584404657782,0.3566322404711956
ENSG00000168246,R7_parametric,0.5,0.5
ENSG00000168275,R7_parametric,0.5,0.5
ENSG00000168303,R7_parametric,0.5,0.5
ENSG00000168438,R7_parametric,0.5,0.5
ENSG00000168594,R7_parametric,0.1788243518219522,0.1334329978331951
ENSG00000168672,R7_parametric,0.5,0.5
ENSG00000168792,R7_parametric,0.04389895122019777,0.0442891537549539
ENSG00000168894,R7_parametric,0.3397053280261979,0.5
ENSG00000169174,R7_parametric,0.4955796428748526,0.3599897971263417
ENSG00000169245,R7_parametric,0.5,0.5
ENSG00000169247,R7_parametric,0.5,0.5
ENSG00000169299,R7_parametric,0.4974363393958436,1.147887083968735e-05
ENSG00000169302,R7_parametric,0.244423455606386,0.5
ENSG00000169379,R7_parametric,0.5,0.5
ENSG00000169814,R7_parametric,0.5,0.4753234939695867
ENSG00000170044,R7_parametric,0.5,0.5
ENSG00000170893,R7_parametric,0.5,0.5
ENSG00000171357,R7_parametric,0.5,0.5
ENSG00000171488,R7_parametric,0.5,0.5
ENSG00000171551,R7_parametric,0.5,0.2621329221480694
ENSG00000172159,R7_parametric,0.1154234886202329,0.2253614346373986
ENSG00000173153,R7_parametric,0.5,0.5
ENSG00000173369,R7_parametric,0.5,0.5
ENSG00000173715,R7_parametric,0.5,0.5
ENSG00000174004,R7_parametric,0.5,0.5
ENSG00000174358,R7_parametric,0.4948571502781319,0.5
ENSG00000174514,R7_parametric,0.5,0.4855203009064982
ENSG00000174564,R7_parametric,0.5,0.497470294864908
ENSG00000174775,R7_parametric,0.5,0.5
ENSG00000174891,R7_parametric,0.5,0.5
ENSG00000174945,R7_parametric,0.5,5.027469812934893e-05
ENSG00000174996,R7_parametric,0.4106375865208252,0.4095356276445872
ENSG00000175137,R7_parametric,0.5,0.5
ENSG00000175161,R7_parametric,0.3570665118225683,0.3586163927378494
ENSG00000175197,R7_parametric,0.4944556764468911,0.5
ENSG00000175535,R7_parametric,0.5,0.5
ENSG00000175600,R7_parametric,0.5,0.05305443183267988
ENSG00000175985,R7_parametric,0.3628120117314153,0.3632509127264859
ENSG00000176029,R7_parametric,0.5,0.5
ENSG00000176101,R7_parametric,0.5,0.5
ENSG00000176383,R7_parametric,0.2604896154255192,0.2617676428153498
ENSG00000176402,R7_parametric,0.5,0.5
ENSG00000176697,R7_parametric,0.5,0.5
ENSG00000176907,R7_parametric,0.2476079768441691,0.2474200463108981
ENSG00000176956,R7_parametric,0.5,0.5
ENSG00000176978,R7_parametric,0.5,0.5
ENSG00000177125,R7_parametric,0.1902454807192485,0.5
ENSG00000177301,R7_parametric,0.5,0.5
ENSG00000177669,R7_parametric,0.5,0.5
ENSG00000177791,R7_parametric,0.3723443423207259,0.3744370689514223
ENSG00000177910,R7_parametric,0.5,0.5
ENSG00000178035,R7_parametric,0.5,2.642370365679714e-05
ENSG00000178538,R7_parametric,0.5,0.5
ENSG00000178860,R7_parametric,0.5,0.5
ENSG00000179256,R7_parametric,0.5,0.5
ENSG00000179388,R7_parametric,0.5,0.5
ENSG00000179639,R7_parametric,0.5,0.5
ENSG00000179715,R7_parametric,0.5,0.5
ENSG00000180198,R7_parametric,0.5,0.5
ENSG00000180219,R7_parametric,0.5,0.5
ENSG00000180878,R7_parametric,0.5,0.5
ENSG00000181092,R7_parametric,0.5,0.5
ENSG00000181634,R7_parametric,0.5,0.5
ENSG00000181754,R7_parametric,0.5,0.5
ENSG00000182117,R7_parametric,0.5,0.5
ENSG00000182359,R7_parametric,0.5,0.5
ENSG00000182827,R7_parametric,0.5,0.5
ENSG00000183049,R7_parametric,0.2879349786362699,0.2319588731074843
ENSG00000183090,R7_parametric,0.5,0.5
ENSG00000183283,R7_parametric,0.4978117069587634,0.5
ENSG00000183560,R7_parametric,0.5,0.5
ENSG00000184305,R7_parametric,0.5,0.5
ENSG00000184500,R7_parametric,0.5,0.5
ENSG00000184564,R7_parametric,0.5,0.5
ENSG00000185104,R7_parametric,0.5,0.5
ENSG00000185305,R7_parametric,0.5,0.4668961276384241
ENSG00000185860,R7_parametric,0.5,5.981546657302106e-05
ENSG00000186106,R7_parametric,0.5,0.5
ENSG00000186638,R7_parametric,0.4975292497385489,0.4996916567412603
ENSG00000186827,R7_parametric,0.5,0.5
ENSG00000187109,R7_parametric,0.5,1.233947307388572e-06
ENSG00000187260,R7_parametric,0.5,0.5
ENSG00000188199,R7_parametric,0.5,0.5
ENSG00000188306,R7_parametric,0.5,0.5
ENSG00000188620,R7_parametric,0.5,0.5
ENSG00000188916,R7_parametric,0.5,0.5
ENSG00000189043,R7_parametric,0.5,0.5
ENSG00000189319,R7_parametric,0.5,0.5
ENSG00000189410,R7_parametric,0.5,0.5
ENSG00000196189,R7_parametric,0.5,0.3328989049583223
ENSG00000196378,R7_parametric,0.2130015126168091,0.2518137631390301
ENSG00000196465,R7_parametric,0.44073741426742,0.5
ENSG00000196482,R7_parametric,0.5,6.44066466826132e-11
ENSG00000196547,R7_parametric,0.5,0.5
ENSG00000196781,R7_parametric,0.5,5.647716938006475e-07
ENSG00000196950,R7_parametric,0.5,1.008972337246394e-05
ENSG00000197345,R7_parametric,0.5,0.5
ENSG00000197430,R7_parametric,0.5,0.5
ENSG00000197780,R7_parametric,0.5,0.4575066148462418
ENSG00000197894,R7_parametric,0.5,0.5
ENSG00000198246,R7_parametric,0.04419834997564204,0.5
ENSG00000198398,R7_parametric,0.5,0.5
ENSG00000198478,R7_parametric,0.5,0.5
ENSG00000198843,R7_parametric,0.5,0.5
ENSG00000203740,R7_parametric,0.5,0.5
ENSG00000203837,R7_parametric,0.5,0.5
ENSG00000203943,R7_parametric,0.5,0.5
ENSG00000203985,R7_parametric,0.5,0.5
ENSG00000204021,R7_parametric,0.5,0.5
ENSG00000204104,R7_parametric,0.4982757667682473,0.4996794437002667
ENSG00000204979,R7_parametric,0.5,0.5
ENSG00000205436,R7_parametric,0.5,0.5
ENSG00000205707,R7_parametric,0.5,0.5
ENSG00000205835,R7_parametric,0.5,0.5
ENSG00000205981,R7_parametric,0.5,0.5
ENSG00000206199,R7_parametric,0.440199720232043,0.5
ENSG00000211973,R7_parametric,0.3683328247188643,9.078261014539013e-06
ENSG00000213341,R7_parametric,0.5,0.5
ENSG00000213471,R7_parametric,0.5,0.5
ENSG00000213578,R7_parametric,0.5,0.5
ENSG00000213780,R7_parametric,0.39160694323016,0.3625621960493318
ENSG00000214128,R7_parametric,0.5,0.5
ENSG00000214336,R7_parametric,0.5,0.5
ENSG00000215021,R7_parametric,0.5,0.5
ENSG00000219626,R7_parametric,0.5,0.5
ENSG00000237289,R7_parametric,0.5,0.5
ENSG00000240247,R7_parametric,0.5,0.5
ENSG00000241644,R7_parametric,0.4967086311212882,0.5
ENSG00000250298,R7_parametric,0.5,0.3144102403261918
ENSG00000254772,R7_parametric,0.3693684306466634,0.3698990829932108
ENSG00000256453,R7_parametric,0.5,0.5
ENSG00000262655,R7_parametric,0.5,0.5
ENSG00000273173,R7_parametric,0.5,0.5
ENSG00000274286,R7_parametric,0.5,0.5
ENSG00000278570,R7_parametric,0.3565314469103043,0.5
ENSG00000003989,R6_fixed,0.5,1.524158559362832e-07
ENSG00000005469,R6_fixed,0.5,0.5
ENSG00000006555,R6_fixed,0.5,0.5
ENSG00000009790,R6_fixed,0.5,
ENSG00000010539,R6_fixed,0.5,0.5
ENSG00000011465,R6_fixed,0.05212944158221738,0.06743995109677225
ENSG00000012779,R6_fixed,0.3776797460023645,0.4947341104855002
ENSG00000020922,R6_fixed,0.5,0.5
ENSG00000028137,R6_fixed,0.18150643169209,0.1902880179937008
ENSG00000033100,R6_fixed,0.336566202998512,
ENSG00000034971,R6_fixed,0.4973215250480615,0.497483559067765
ENSG00000035720,R6_fixed,0.4949854052309886,2.775557561562891e-16
ENSG00000036565,R6_fixed,0.4000778696495696,0.03701409970622316
ENSG00000038274,R6_fixed,0.5,0.5
ENSG00000044115,R6_fixed,0.5,0.05371171610472519
ENSG00000049167,R6_fixed,0.400165702188378,1.343369859796439e-14
ENSG00000056291,R6_fixed,0.3352133719658466,1.703002459607639e-07
ENSG00000059588,R6_fixed,0.4630843687366813,0.4456240465024148
ENSG00000065518,R6_fixed,0.3704336671562719,3.9918153108498e-05
ENSG00000065675,R6_fixed,0.5,0.5
ENSG00000066056,R6_fixed,0.3633138048510652,0.3727610240762113
ENSG00000066405,R6_fixed,0.5,0.5
ENSG00000067113,R6_fixed,0.3342782383023826,0
ENSG00000068654,R6_fixed,0.2129769121195037,0.5
ENSG00000069206,R6_fixed,0.5,0.5
ENSG00000070190,R6_fixed,0.4689574972089595,0.4756838592198521
ENSG00000070193,R6_fixed,0.3630216125863314,0.3632932189161462
ENSG00000070269,R6_fixed,0.490765626732506,3.164532733723746e-05
ENSG00000072858,R6_fixed,0.4792232189745355,0.4906542939154225
ENSG00000073067,R6_fixed,0.2048798752172585,0.2642137005635761
ENSG00000076706,R6_fixed,0.1341911538006881,0.40596843898972
ENSG00000077232,R6_fixed,0.4998601577625668,0.5
ENSG00000079459,R6_fixed,0.5,0.0004822499745082975
ENSG00000079931,R6_fixed,0.5,0.5
ENSG00000080298,R6_fixed,0.4954411615212554,4.346229026674919e-08
ENSG00000080815,R6_fixed,0.4998720581362266,0.5
ENSG00000081026,R6_fixed,0.5,0.002076843116511851
ENSG00000081760,R6_fixed,0.5,0.5
ENSG00000083520,R6_fixed,0.5,0.0001453684381113041
ENSG00000083635,R6_fixed,0.2633462674540433,0.2668799332664242
ENSG00000086065,R6_fixed,0.5,0.5
ENSG00000087111,R6_fixed,0.5,0
ENSG00000087302,R6_fixed,0.5,0.3771591201439115
ENSG00000089225,R6_fixed,0.404286470292672,0.5
ENSG00000089692,R6_fixed,0.3638154936433262,0.005748886932623209
ENSG00000089723,R6_fixed,0.2661148481067007,0.271414489257473
ENSG00000090975,R6_fixed,0.4695617824313707,0.4742607277115161
ENSG00000091732,R6_fixed,0.5,0.5
ENSG00000092345,R6_fixed,0.5,0.5
ENSG00000092853,R6_fixed,0.4596409766227587,0.5
ENSG00000099219,R6_fixed,0.4714767282084369,0.4892651920130502
ENSG00000100442,R6_fixed,0.06806689088813028,0.1352255788638549
ENSG00000100483,R6_fixed,0.4882051622756645,0.4977135990646302
ENSG00000100678,R6_fixed,0.5,0.5
ENSG00000100941,R6_fixed,0.4195690437231542,0.5
ENSG00000102760,R6_fixed,0.5,0.5
ENSG00000102794,R6_fixed,0.498746995661778,0.0493867705104985
ENSG00000103647,R6_fixed,0.19925882181518,0.4582218057268601
ENSG00000103742,R6_fixed,0.5,0.5
ENSG00000104055,R6_fixed,0.4609020395813526,0.5
ENSG00000104059,R6_fixed,0.5,0.4701854853926799
ENSG00000104755,R6_fixed,0.4780185459817449,0.5
ENSG00000105954,R6_fixed,0.5,0.5
ENSG00000106077,R6_fixed,0.1032719852207959,7.047570000917602e-06
ENSG00000106268,R6_fixed,0.5,0.5
ENSG00000106400,R6_fixed,0.3557358214519165,0.5
ENSG00000106571,R6_fixed,0.5,0
ENSG00000106609,R6_fixed,0.3776294370566958,0.5
ENSG00000106701,R6_fixed,0.5,0.5
ENSG00000106803,R6_fixed,0.5,0.5
ENSG00000107021,R6_fixed,0.0959409883472645,0.0976851715602215
ENSG00000107140,R6_fixed,0.3666928431260436,0.3681931821366257
ENSG00000107447,R6_fixed,0.04225775636609308,0.07625685493026607
ENSG00000107562,R6_fixed,0.3550152447337388,0.376381380684215
ENSG00000107859,R6_fixed,0.25716451433941,0.256389828396929
ENSG00000107937,R6_fixed,0.4809331157565926,0.5
ENSG00000107984,R6_fixed,0.1225264233611756,0.1202318185322114
ENSG00000108010,R6_fixed,0.4992907544206938,0.5
ENSG00000108061,R6_fixed,0.2207086741683814,0.05437296745398013
ENSG00000108091,R6_fixed,0.1375758545062777,0.1516866015395995
ENSG00000108239,R6_fixed,0.3676790188959591,0.3669368442496759
ENSG00000109881,R6_fixed,0.5,0.5
ENSG00000110172,R6_fixed,0.1938232404510524,0.462955859794084
ENSG00000110324,R6_fixed,0.5,0.5
ENSG00000110786,R6_fixed,0.4432790152472167,5.53846509571132e-06
ENSG00000111199,R6_fixed,0.5,0.147796098753939
ENSG00000111229,R6_fixed,0.2957947814952768,2.162454866838637e-07
ENSG00000111266,R6_fixed,0.5,0.5
ENSG00000111276,R6_fixed,0.1723661027031639,0.1612216879608557
ENSG00000111404,R6_fixed,0.2629677430405581,0.2730367514410207
ENSG00000111424,R6_fixed,0.08342494264331807,0
ENSG00000111605,R6_fixed,0.1012406525103503,0.114634176705085
ENSG00000111907,R6_fixed,0.5,0.5
ENSG00000111962,R6_fixed,0.4987774564085951,0.4990769675338735
ENSG00000112110,R6_fixed,0.5,0.5
ENSG00000112212,R6_fixed,0.5,0.5
ENSG00000112232,R6_fixed,0.3894559248536353,0.4906380556774146
ENSG00000112308,R6_fixed,0.2596132166591852,0.2707701581110036
ENSG00000112584,R6_fixed,0.02571577792288149,0.0995615096506452
ENSG00000112761,R6_fixed,0.1389851854150728,6.991479385987098e-07
ENSG00000112773,R6_fixed,0.5,0.5
ENSG00000112893,R6_fixed,0.3673951344912066,0.3732485820965895
ENSG00000113068,R6_fixed,0.5,0.5
ENSG00000113492,R6_fixed,0.2800312390671363,0
ENSG00000113569,R6_fixed,0.5,0
ENSG00000113583,R6_fixed,0.3620409109929777,0.3661252468970273
ENSG00000113749,R6_fixed,0.4970751197129492,0.4884868520774021
ENSG00000114013,R6_fixed,0.5,0.5
ENSG00000114200,R6_fixed,0.5,0.5
ENSG00000114248,R6_fixed,0.3651269884628935,0.4559765768159413
ENSG00000114686,R6_fixed,0.5,0.5
ENSG00000115073,R6_fixed,0.5,0.5
ENSG00000115107,R6_fixed,0.5,0.3658919305124576
ENSG00000115163,R6_fixed,0.5,0.5
ENSG00000115365,R6_fixed,0.2804286397941176,0.1651844321571218
ENSG00000115368,R6_fixed,0.4883431050492394,0.4703457327963031
ENSG00000115520,R6_fixed,0.4984834855251416,0.4995899519209331
ENSG00000115761,R6_fixed,0.3833149202013184,0.3507574702194647
ENSG00000116030,R6_fixed,0.1582146255293437,0.5
ENSG00000116254,R6_fixed,0.5,0
ENSG00000116459,R6_fixed,0.5,0.5
ENSG00000116544,R6_fixed,0.5,0.5
ENSG00000116996,R6_fixed,0.4966020187838414,0.4993011184543231
ENSG00000117148,R6_fixed,0.5,0.5
ENSG00000117450,R6_fixed,0.49923626198348,0.5
ENSG00000117594,R6_fixed,0.2773127554412891,0.2609603715923476
ENSG00000117598,R6_fixed,0.09031682400083962,1.717447799348681e-05
ENSG00000117868,R6_fixed,0.1453523952556428,0.0830476095640913
ENSG00000118137,R6_fixed,0.5,4.068795356193533e-07
ENSG00000118246,R6_fixed,0.5,3.43836070726411e-13
ENSG00000118496,R6_fixed,0.5,0.5
ENSG00000119138,R6_fixed,0.5,0.5
ENSG00000119333,R6_fixed,0.5,0.5
ENSG00000119707,R6_fixed,0.5,0.4813405175827106
ENSG00000132432,R6_fixed,0.5,0.5
ENSG00000132464,R6_fixed,0.5,0.5
ENSG00000132688,R6_fixed,0.5,0.5
ENSG00000132698,R6_fixed,0.5,0.5
ENSG00000132881,R6_fixed,0.5,0.5
ENSG00000133055,R6_fixed,0.5,0.5
ENSG00000133606,R6_fixed,0.5,4.611815451749379e-08
ENSG00000134109,R6_fixed,0.5,0.5
ENSG00000134193,R6_fixed,0.5,0.0006699494376660731
ENSG00000134256,R6_fixed,0.4878401353010694,0.5
ENSG00000134452,R6_fixed,0.5,0.5
ENSG00000134571,R6_fixed,0.3242833956977055,0.002657317148944016
ENSG00000134802,R6_fixed,0.4834206923375496,0.5
ENSG00000134874,R6_fixed,0.5,0.5
ENSG00000134996,R6_fixed,0.003596537570279001,0.003876783013024465
ENSG00000135040,R6_fixed,0.4739623868300511,0.07510997557634247
ENSG00000135222,R6_fixed,0.3622472736768043,0.365040462720173
ENSG00000135374,R6_fixed,0.5,0.5
ENSG00000135547,R6_fixed,0.5,0.5
ENSG00000135604,R6_fixed,0.5,0.4945797326537665
ENSG00000135625,R6_fixed,0.4690394848655079,3.502646416997379e-05
ENSG00000136122,R6_fixed,0.4795541595679201,5.551115123125783e-17
ENSG00000136286,R6_fixed,0.5,0.5
ENSG00000136698,R6_fixed,0.498515613384301,4.917142804039543e-10
ENSG00000136897,R6_fixed,0.5,0.5
ENSG00000136982,R6_fixed,0.5,0.5
ENSG00000136999,R6_fixed,0.2578531718672053,0.2615951661713405
ENSG00000137077,R6_fixed,0.5,0.004401155415149405
ENSG00000137106,R6_fixed,0.2144402956245196,0.2661962540998113
ENSG00000137168,R6_fixed,0.3726671458553665,0.3652410199075784
ENSG00000137198,R6_fixed,0.3616195373060606,0.3694284174380428
ENSG00000137275,R6_fixed,0.5,0.5
ENSG00000137819,R6_fixed,0.4295331508505125,0
ENSG00000138107,R6_fixed,0.03681075044738658,0.0566889672231139
ENSG00000138315,R6_fixed,0.5,0.5
ENSG00000138376,R6_fixed,0.2976588512853145,0
ENSG00000138380,R6_fixed,0.5,0.5
ENSG00000138435,R6_fixed,0.5,0.5
ENSG00000138769,R6_fixed,0.1393607644128795,0.2153330202564231
ENSG00000138814,R6_fixed,0.5,9.031664305325648e-14
ENSG00000139192,R6_fixed,0.4993003694368803,0.4994659441287269
ENSG00000139209,R6_fixed,0.5,0
ENSG00000139428,R6_fixed,0.2479828244584185,0.2547939535266626
ENSG00000139496,R6_fixed,0.3980954526110505,0.01376353723858859
ENSG00000139865,R6_fixed,0.4501473940561221,0.4548474958386863
ENSG00000140025,R6_fixed,0.1718577877445682,0.3245158227537824
ENSG00000140280,R6_fixed,0.319122107214178,0.3678437662216582
ENSG00000142694,R6_fixed,0.5,0.5
ENSG00000143162,R6_fixed,0.3793788218292694,0.3639587596979024
ENSG00000143384,R6_fixed,0.04982236858167061,0.0582883093527049
ENSG00000143443,R6_fixed,0.5,0.5
ENSG00000143476,R6_fixed,0.1558259201863981,0.1765218946481246
ENSG00000143515,R6_fixed,0.1463805732015019,0.5
ENSG00000143627,R6_fixed,0.3340788210248579,0.3393023320899161
ENSG00000143772,R6_fixed,0.5,0.5
ENSG00000143819,R6_fixed,0.4997313811844351,0.4712330711507143
ENSG00000144031,R6_fixed,0.4720084734175528,0.5
ENSG00000144191,R6_fixed,0.3022119897796245,0.2996020661013723
ENSG00000144451,R6_fixed,0.4998001222333382,4.796718577892989e-13
ENSG00000144681,R6_fixed,0.3888395562016191,0.3827101077423445
ENSG00000145041,R6_fixed,0.5,0.326508847006636
ENSG00000145284,R6_fixed,0.4999173836558794,0.1451932311367574
ENSG00000145386,R6_fixed,0.5,0.5
ENSG00000145423,R6_fixed,0.3681701900029243,0.3685850883224727
ENSG00000145708,R6_fixed,0.1936995702894602,0
ENSG00000145839,R6_fixed,0.5,0.5
ENSG00000145911,R6_fixed,0.2724305426599634,0.2874457995923755
ENSG00000146090,R6_fixed,0.3011943692278281,0.4833077769503418
ENSG00000146477,R6_fixed,0.1907837625340312,0.2002362807577914
ENSG00000146535,R6_fixed,0.09113049158814318,0.09817710520596662
ENSG00000146828,R6_fixed,0.5,0.4613392284737253
ENSG00000146910,R6_fixed,0.4826037958513246,0.3744053821815961
ENSG00000148229,R6_fixed,0.5,0.5
ENSG00000148795,R6_fixed,0.5,0.5
ENSG00000148965,R6_fixed,0.2646488467226782,0.27275407247724
ENSG00000150361,R6_fixed,0.5,0.5
ENSG00000150630,R6_fixed,0.5,0.5
ENSG00000150764,R6_fixed,0.5,0.0002394768480177278
ENSG00000151617,R6_fixed,0.5,0.5
ENSG00000151773,R6_fixed,0.5,2.186833103490216e-09
ENSG00000151876,R6_fixed,0.3212610221506929,0
ENSG00000151917,R6_fixed,0.1898605813901586,0.201629165649577
ENSG00000151962,R6_fixed,0.2578324234091754,0
ENSG00000152127,R6_fixed,0.1168584045345704,0.1300209845895317
ENSG00000152219,R6_fixed,0.3587836296607022,0.3538943251814066
ENSG00000152422,R6_fixed,0.2662626394519005,2.619299926398533e-07
ENSG00000152611,R6_fixed,0.5,0.5
ENSG00000152944,R6_fixed,0.5,0
ENSG00000153898,R6_fixed,0.5,0.5
ENSG00000153975,R6_fixed,0.1999969527465357,0.4403181204177543
ENSG00000154415,R6_fixed,0.5,0.5
ENSG00000154478,R6_fixed,0.5,0.5
ENSG00000154511,R6_fixed,0.5,0.5
ENSG00000155087,R6_fixed,0.2017711820560391,0.2817115880782788
ENSG00000155530,R6_fixed,0.5,0.5
ENSG00000156234,R6_fixed,0.5,0.5
ENSG00000156466,R6_fixed,0.2608525496804653,0.2566188811888562
ENSG00000156869,R6_fixed,0.5,0.5
ENSG00000157379,R6_fixed,0.3683726278765151,2.412004492469144e-06
ENSG00000157653,R6_fixed,0.4465102916721594,4.989124948928669e-05
ENSG00000158122,R6_fixed,0.4242187292099551,3.410848183782456e-06
ENSG00000158457,R6_fixed,0.5,0.5
ENSG00000158816,R6_fixed,0.5,0.5
ENSG00000158859,R6_fixed,0.5,0.5
ENSG00000158864,R6_fixed,0.292901423552736,0.3844947290156409
ENSG00000161202,R6_fixed,0.2731168731019273,0.3128995454270141
ENSG00000162086,R6_fixed,0.5,0.5
ENSG00000162415,R6_fixed,0.5,0.4686632121934493
ENSG00000162426,R6_fixed,0.1139003383551103,0.0007100409528052465
ENSG00000162511,R6_fixed,0.5,0.5
ENSG00000162517,R6_fixed,0.2623861219275735,0.2655475105960248
ENSG00000162592,R6_fixed,0.36208236765032,0.3700659519406586
ENSG00000162621,R6_fixed,0.1880448142767986,0.190476231187177
ENSG00000162631,R6_fixed,0.5,0.5
ENSG00000162636,R6_fixed,0.4998846740134818,0.5
ENSG00000162891,R6_fixed,0.2252040115679394,0.2950347120355614
ENSG00000162931,R6_fixed,0.2427798028609667,0.003120544242782131
ENSG00000162971,R6_fixed,0.3472851510936336,0.3603897862976078
ENSG00000162981,R6_fixed,0.2101865572062732,0.3621592755996343
ENSG00000163050,R6_fixed,0.3881621197042878,0.5
ENSG00000163170,R6_fixed,0.5,0.5
ENSG00000163630,R6_fixed,0.1231945413450057,0.1439048632132172
ENSG00000163705,R6_fixed,0.3626146897429467,0.3626767203792313
ENSG00000163792,R6_fixed,0.1690896611705687,0.1652399572600062
ENSG00000163812,R6_fixed,0.5,0.5
ENSG00000164010,R6_fixed,0.5,0.5
ENSG00000164038,R6_fixed,0.03826404056640897,0.09766122870557664
ENSG00000164100,R6_fixed,0.5,0.5
ENSG00000164430,R6_fixed,0.5,0.5
ENSG00000164692,R6_fixed,0.09095257889035635,0.1188894531064698
ENSG00000164815,R6_fixed,0.4131414219938483,0.3732806647255003
ENSG00000164932,R6_fixed,0.5,2.049505497481174e-06
ENSG00000164975,R6_fixed,0.5,0.5
ENSG00000164978,R6_fixed,0.5,8.77472683402658e-08
ENSG00000165478,R6_fixed,0.5,0.4917697536688596
ENSG00000165480,R6_fixed,0.190600735939123,0.1791385808583217
ENSG00000165660,R6_fixed,0.5,0.5
ENSG00000165669,R6_fixed,0.4802399584831346,0.5
ENSG00000166135,R6_fixed,0.5,4.311151047264872e-08
ENSG00000166333,R6_fixed,0.5,0.01353694638578157
ENSG00000166402,R6_fixed,0.5,0.5
ENSG00000166484,R6_fixed,0.5,0.5
ENSG00000166831,R6_fixed,0.43729360387203,0.5
ENSG00000166924,R6_fixed,0.3609661298800642,0.4647653331428115
ENSG00000167768,R6_fixed,0.2716414849067961,0
ENSG00000167800,R6_fixed,0.1363785591866759,0.5
ENSG00000168152,R6_fixed,0.4138885615596879,0.4136849817845856
ENSG00000168386,R6_fixed,0.5,0.5
ENSG00000168412,R6_fixed,0.3519240077333144,0.3763551053157232
ENSG00000168439,R6_fixed,0.5,0.5
ENSG00000168538,R6_fixed,0.5,3.121247759807488e-05
ENSG00000168564,R6_fixed,0.1510853879918073,0.1452674592747354
ENSG00000168615,R6_fixed,0.03554609372483331,0
ENSG00000168899,R6_fixed,0.3777404030073143,0.3809449360202932
ENSG00000169410,R6_fixed,0.5,0.5
ENSG00000169427,R6_fixed,0.5,0
ENSG00000169429,R6_fixed,0.5,0.5
ENSG00000169519,R6_fixed,0.4997492250852387,0.5
ENSG00000169762,R6_fixed,0.1008981885906086,1.81979431523871e-11
ENSG00000170419,R6_fixed,0.06809360336622983,0.1042725238514325
ENSG00000170801,R6_fixed,0.4664955087850083,0.475042421588669
ENSG00000170819,R6_fixed,0.09378119454445305,0.09329157493580775
ENSG00000170903,R6_fixed,0.3758719651637013,0
ENSG00000171243,R6_fixed,0.3781147709678341,0.3017981145855562
ENSG00000171495,R6_fixed,0.2528464504481139,0
ENSG00000171502,R6_fixed,0.4509412061875047,0.4548972027091638
ENSG00000171564,R6_fixed,0.5,0.5
ENSG00000171757,R6_fixed,0.1086347912358723,0.3579287814798832
ENSG00000172399,R6_fixed,0.5,0.5
ENSG00000172425,R6_fixed,0.5,0.5
ENSG00000172663,R6_fixed,0.4575079472990649,0.3815216321790423
ENSG00000172731,R6_fixed,0.5,0.5
ENSG00000173113,R6_fixed,0.5,0.5
ENSG00000173145,R6_fixed,0.1887608563225779,0.1926365448381456
ENSG00000173208,R6_fixed,0.5,0.5
ENSG00000173597,R6_fixed,0.2644383661806524,0.5
ENSG00000173705,R6_fixed,0.2373274556387522,0.3146642338888818
ENSG00000174243,R6_fixed,0.5,0
ENSG00000174307,R6_fixed,0.3595654373677027,0.3573009352438387
ENSG00000174903,R6_fixed,0.5,0.5
ENSG00000175279,R6_fixed,0.4996742679760174,1.325389635820073e-07
ENSG00000175356,R6_fixed,0.5,0
ENSG00000175449,R6_fixed,0.5,0.4489138061585565
ENSG00000175513,R6_fixed,0.5,0.5
ENSG00000175877,R6_fixed,0.2651373983014533,0.256318337232095
ENSG00000176095,R6_fixed,0.5,0.5
ENSG00000176542,R6_fixed,0.5,0.5
ENSG00000177570,R6_fixed,0.5,1.658985688446357e-05
ENSG00000177614,R6_fixed,0.4997827478367319,0.5
ENSG00000177875,R6_fixed,0.1834069252632002,0.1842875461527568
ENSG00000177888,R6_fixed,0.2115442070274016,0.4313056315634237
ENSG00000178804,R6_fixed,0.5,0.2668839040399837
ENSG00000178997,R6_fixed,0.2539017512051279,0.2967582988299665
ENSG00000179057,R6_fixed,0.3007029855752796,0.4780741487056323
ENSG00000179397,R6_fixed,0.2553767023836138,0.04765151078480306
ENSG00000179562,R6_fixed,0.5,0.5
ENSG00000179580,R6_fixed,0.2421482800400236,0.000274869935568689
ENSG00000179988,R6_fixed,0.5,0.5
ENSG00000180116,R6_fixed,0.5,0.5
ENSG00000180432,R6_fixed,0.3339441417369204,0.3801116498966845
ENSG00000181220,R6_fixed,0.5,0.5
ENSG00000181690,R6_fixed,0.5,0.5
ENSG00000182054,R6_fixed,0.4998026639972409,0.3637224959446906
ENSG00000182134,R6_fixed,0.5,1.396976423428953e-10
ENSG00000182183,R6_fixed,0.5,0.5
ENSG00000182447,R6_fixed,0.1953791456085506,0.1898368749276944
ENSG00000182704,R6_fixed,0.2662042824309948,0.2649545323391629
ENSG00000183185,R6_fixed,0.5,0.5
ENSG00000183513,R6_fixed,0.5,0.5
ENSG00000183908,R6_fixed,0.5,1.498801083243961e-14
ENSG00000183977,R6_fixed,0.5,0.5
ENSG00000184209,R6_fixed,0.5,0.5
ENSG00000184344,R6_fixed,0.5,0.5
ENSG00000184357,R6_fixed,0.3606629439726416,0.3612217564927703
ENSG00000184887,R6_fixed,0.5,0.5
ENSG00000185009,R6_fixed,0.1958565696647511,0.2740635800347054
ENSG00000185436,R6_fixed,0.4948117534115959,0.0001723130874468071
ENSG00000185519,R6_fixed,0.3669606130636534,0.3850539549110066
ENSG00000186377,R6_fixed,0.2606799256456965,0.2519055509461972
ENSG00000186501,R6_fixed,0.5,0.5
ENSG00000186795,R6_fixed,0.5,0.5
ENSG00000186910,R6_fixed,0.5,0.5
ENSG00000187801,R6_fixed,0.09021181207115536,5.322884938374628e-08
ENSG00000188610,R6_fixed,0.5,1.844192965005931e-09
ENSG00000188690,R6_fixed,0.5,0.5
ENSG00000188729,R6_fixed,0.3639729244197359,0.3562963490871108
ENSG00000188730,R6_fixed,0.5,0.5
ENSG00000188732,R6_fixed,0.4261790278617207,0.4723785327870552
ENSG00000188760,R6_fixed,0.3361665894252849,0.2799286421490647
ENSG00000188986,R6_fixed,0.268336783120226,0.3445290523927956
ENSG00000189007,R6_fixed,0.2585423186817166,0.4155387246420053
ENSG00000189180,R6_fixed,0.4933311716241985,0.5
ENSG00000189227,R6_fixed,0.5,0.5
ENSG00000196151,R6_fixed,0.06896599287832617,1.024475070110498e-06
ENSG00000196353,R6_fixed,0.5,0.4638768380789398
ENSG00000196968,R6_fixed,0.1741637926216575,0.4886836831742343
ENSG00000196981,R6_fixed,0.5,0.5
ENSG00000197057,R6_fixed,0.5,0.5
ENSG00000197587,R6_fixed,0.2717521477150326,0.2710602347018816
ENSG00000197763,R6_fixed,0.09957573485231258,0.110884330081721
ENSG00000198218,R6_fixed,0.2281824100216104,0.3977945822450175
ENSG00000198252,R6_fixed,0.2827930892695045,0.2860915909500091
ENSG00000198431,R6_fixed,0.4110438245871011,0.499448514141339
ENSG00000198663,R6_fixed,0.5,0.5
ENSG00000198846,R6_fixed,0.5,0.5
ENSG00000204020,R6_fixed,0.5,0.5
ENSG00000204084,R6_fixed,0.4896462655818816,0.5
ENSG00000204590,R6_fixed,0.100884726753769,0.1069838427964808
ENSG00000204671,R6_fixed,0.5,0.5
ENSG00000205089,R6_fixed,0.07851351554225294,0.3668275450283256
ENSG00000205143,R6_fixed,0.5,0.5
ENSG00000212126,R6_fixed,0.4787497850758974,0.4777847653857921
ENSG00000213064,R6_fixed,0.5,0.5
ENSG00000213231,R6_fixed,0.2803165838637716,0.2809176384297678
ENSG00000213809,R6_fixed,0.5,0.5
ENSG00000214595,R6_fixed,0.4998414599558593,0.5
ENSG00000218739,R6_fixed,0.5,0.5
ENSG00000224531,R6_fixed,0.5,0.5
ENSG00000228474,R6_fixed,0.4271403930260848,0.4308075614416393
ENSG00000228570,R6_fixed,0.5,0.5
ENSG00000234602,R6_fixed,0.3845507384554087,0.3900962027613458
ENSG00000249481,R6_fixed,0.5,0.5
ENSG00000249581,R6_fixed,0.5,0.5
ENSG00000261115,R6_fixed,0.5,0.5
ENSG00000269113,R6_fixed,0.2685895249498276,0.2793813661095071
ENSG00000277893,R6_fixed,0.5,0.5
