shao_symbol,shao_ensg,in_universe_symbol_match,in_universe_ensg_match,universe_ensg,universe_symbol,busted_fdr_sig_symbol_match,busted_fdr_sig_ensg_match,classification_v7,note
ZNF507,ENSG00000168813,False,False,,ZNF507,False,False,,
NR2E1,ENSG00000112333,False,False,,NR2E1,False,False,,
WDR73,ENSG00000177082,False,False,,WDR73,False,False,,
IQCE,ENSG00000106012,False,False,,IQCE,False,False,,
C1orf159,ENSG00000131591,False,False,,C1orf159,False,False,,
PPIL4,ENSG00000131013,False,False,,PPIL4,False,False,,
ATAD2,ENSG00000156802,False,False,,ATAD2,False,False,,
NOTCH2,ENSG00000134250,False,False,,NOTCH2,False,False,,
SLC7A6,ENSG00000103064,False,False,,SLC7A6,False,False,,
TG,ENSG00000042832,False,False,,TG,False,False,,
SUGP2,ENSG00000064607,False,False,,SUGP2,False,False,,
RAB1A,ENSG00000138069,False,False,,RAB1A,False,False,,
CST11,ENSG00000125831,False,False,,CST11,False,False,,
GCDH,ENSG00000105607,False,False,,GCDH,False,False,,
HEMGN,ENSG00000136929,True,True,ENSG00000136929,HEMGN,False,False,neutral,
WDFY4,ENSG00000128815,False,False,,WDFY4,False,False,,
GLB1L3,ENSG00000166105,False,False,,GLB1L3,False,False,,
TLN1,ENSG00000137076,True,True,ENSG00000137076,,False,False,regulation-driven,
TAOK3,ENSG00000135090,False,False,,TAOK3,False,False,,
RAI14,ENSG00000039560,False,False,,RAI14,False,False,,
MRPL46,ENSG00000259494,False,False,,MRPL46,False,False,,
SPTAN1,ENSG00000197694,False,False,,SPTAN1,False,False,,
SCRN3,ENSG00000144306,False,False,,SCRN3,False,False,,
CDK10,ENSG00000185324,False,False,,CDK10,False,False,,
TBC1D15,ENSG00000121749,False,False,,TBC1D15,False,False,,
HMGXB3,ENSG00000113716,False,False,,HMGXB3,False,False,,
NIPBL,ENSG00000164190,False,False,,NIPBL,False,False,,
RAD9A,ENSG00000172613,False,False,,RAD9A,False,False,,
CHRNE,ENSG00000108556,False,False,,CHRNE,False,False,,
TSLP,ENSG00000145777,False,False,,TSLP,False,False,,
PPM1F,ENSG00000100034,False,False,,PPM1F,False,False,,
SCN3B,ENSG00000166257,False,False,,SCN3B,False,False,,
ITGA3,ENSG00000005884,False,False,,ITGA3,False,False,,
UBAC2,ENSG00000134882,True,True,ENSG00000134882,UBAC2,False,False,neutral,
GPAA1,ENSG00000197858,False,False,,GPAA1,False,False,,
MTURN,ENSG00000180354,False,False,,MTURN,False,False,,
CLCA4,ENSG00000016602,True,True,ENSG00000016602,CLCA4,False,False,regulation-driven,
WFIKKN2,ENSG00000173714,False,False,,WFIKKN2,False,False,,
SHMT1,ENSG00000176974,False,False,,SHMT1,False,False,,
TRIM55,ENSG00000147573,True,True,ENSG00000147573,TRIM55,False,False,regulation-driven,
SSH1,ENSG00000084112,False,False,,SSH1,False,False,,
DVL1,ENSG00000107404,True,True,ENSG00000107404,DVL1,False,False,neutral,
DPAGT1,ENSG00000172269,False,False,,DPAGT1,False,False,,
CFDP1,ENSG00000153774,False,False,,CFDP1,False,False,,
MTHFSD,ENSG00000103248,False,False,,MTHFSD,False,False,,
KRTAP16-1,ENSG00000212657,False,False,,KRTAP16-1,False,False,,
KHDC3L,ENSG00000203908,True,True,ENSG00000203908,KHDC3L,False,False,neutral,
NCAPG,ENSG00000109805,True,True,ENSG00000109805,NCAPG,False,False,neutral,
CD2,ENSG00000116824,True,True,ENSG00000116824,CD2,True,True,gene-driven,
MYO18A,ENSG00000196535,False,False,,MYO18A,False,False,,
HJV,ENSG00000168509,False,False,,HJV,False,False,,
ITIH2,ENSG00000151655,False,False,,ITIH2,False,False,,
HOXD10,ENSG00000128710,False,False,,HOXD10,False,False,,
SLC22A1,ENSG00000175003,False,False,,SLC22A1,False,False,,
STK33,ENSG00000130413,False,False,,STK33,False,False,,
DYNC1LI1,ENSG00000144635,False,False,,DYNC1LI1,False,False,,
MRPL44,ENSG00000135900,True,True,ENSG00000135900,MRPL44,False,False,neutral,
C8orf37,ENSG00000156172,False,True,ENSG00000156172,CFAP418,False,False,neutral,in universe via ENSG only (universe symbol for ENSG00000156172 = CFAP418)
GTF3A,ENSG00000122034,False,False,,GTF3A,False,False,,
DUSP18,ENSG00000167065,False,False,,DUSP18,False,False,,
IZUMO3,ENSG00000205442,True,True,ENSG00000205442,IZUMO3,True,True,gene-driven,
ADAMTS20,ENSG00000173157,False,False,,ADAMTS20,False,False,,
BMPER,ENSG00000164619,False,False,,BMPER,False,False,,
KAZALD1,ENSG00000107821,True,True,ENSG00000107821,KAZALD1,False,False,neutral,
HKDC1,ENSG00000156510,True,True,ENSG00000156510,HKDC1,False,False,neutral,
GAS2,ENSG00000148935,False,False,,GAS2,False,False,,
ABCC4,ENSG00000125257,False,False,,ABCC4,False,False,,
CD99L2,ENSG00000102181,False,False,,CD99L2,False,False,,
SLC6A4,ENSG00000108576,False,False,,SLC6A4,False,False,,
TYW3,ENSG00000162623,False,False,,TYW3,False,False,,
PDHB,ENSG00000168291,True,True,ENSG00000168291,,True,True,gene-driven,
XRCC6,ENSG00000196419,False,False,,XRCC6,False,False,,
POLE,ENSG00000177084,False,False,,POLE,False,False,,
ARFGEF1,ENSG00000066777,False,False,,ARFGEF1,False,False,,
CREBL2,ENSG00000111269,True,True,ENSG00000111269,CREBL2,False,False,neutral,
PIEZO1,ENSG00000103335,False,False,,PIEZO1,False,False,,
MYT1L,ENSG00000186487,False,False,,MYT1L,False,False,,
N4BP2L1,ENSG00000139597,True,True,ENSG00000139597,N4BP2L1,True,True,gene-driven,
BLZF1,ENSG00000117475,False,False,,BLZF1,False,False,,
TAZ,ENSG00000102125,False,False,,TAFAZZIN,False,False,,
USPL1,ENSG00000132952,True,True,ENSG00000132952,USPL1,False,False,neutral,
EGFR,ENSG00000146648,False,False,,EGFR,False,False,,
