classification,trait,is_control,class,K_universe,n_class,k_overlap,expected,OR,p,q_bh
full_v7,Educational attainment,False,regulation_driven,822,293,103,48.4,2.987,8.683759842761343e-16,4.168204724525445e-14
full_v7,Height,True,regulation_driven,2191,293,183,129.1,2.215,5.154673847080334e-11,1.2371217232992802e-09
full_v7,Bipolar disorder,False,regulation_driven,115,293,22,6.8,4.005,6.108719796068543e-07,7.658923293010992e-06
full_v7,Schizophrenia,False,regulation_driven,257,293,36,15.1,2.827,6.382436077509161e-07,7.658923293010992e-06
full_v7,Type 2 diabetes,True,regulation_driven,561,293,60,33.0,2.148,1.724951008630618e-06,1.6559529682853932e-05
full_v7,Major depression,False,regulation_driven,154,293,25,9.1,3.292,2.573991445558128e-06,2.0591931564465023e-05
full_v7,Cognitive performance,False,regulation_driven,149,293,24,8.8,3.252,4.7443283753684345e-06,3.2532537431097834e-05
full_v7,Neuroticism,False,regulation_driven,122,293,21,7.2,3.501,6.550659537947252e-06,3.930395722768351e-05
full_v7,ASD,False,regulation_driven,116,293,16,6.8,2.646,0.001127750252316382,0.006014668012354038
full_v7,Intelligence,False,regulation_driven,180,293,19,10.6,1.947,0.009004042743582581,0.04321940516919639
full_v7,LDL cholesterol,True,regulation_driven,256,293,22,15.1,1.543,0.04555838777243093,0.19880023755242587
full_v7,Educational attainment,False,dual_driven,822,11,4,1.8,2.896,0.09295661164478572,0.3718264465791428
full_v7,Crohn disease,True,gene_driven_all,95,1266,29,24.2,1.294,0.15220209302651788,0.5394027595731848
full_v7,Height,True,dual_driven,2191,11,7,4.8,2.227,0.15732580487551223,0.5394027595731848
full_v7,Crohn disease,True,gene_driven,95,1214,27,23.2,1.235,0.21004049386793827,0.6044111292248474
full_v7,LDL cholesterol,True,gene_driven_all,256,1266,71,65.2,1.131,0.21444481107395136,0.6044111292248474
full_v7,Bipolar disorder,False,dual_driven,115,11,1,0.3,4.254,0.2270729947139114,0.6044111292248474
full_v7,ASD,False,dual_driven,116,11,1,0.3,4.216,0.22882277801462078,0.6044111292248474
full_v7,Neuroticism,False,dual_driven,122,11,1,0.3,4.002,0.2392460719848354,0.6044111292248474
full_v7,Major depression,False,dual_driven,154,11,1,0.3,3.144,0.29270566608535914,0.7024935986048619
full_v7,LDL cholesterol,True,gene_driven,256,1214,66,62.5,1.08,0.32278199202629027,0.7140655402874257
full_v7,Intelligence,False,dual_driven,180,11,1,0.4,2.673,0.33360125704462795,0.7140655402874257
full_v7,Type 2 diabetes,True,gene_driven,561,1214,141,136.9,1.045,0.3522776189223056,0.7140655402874257
full_v7,Type 2 diabetes,True,dual_driven,561,11,2,1.2,1.751,0.35703277014371293,0.7140655402874257
full_v7,Type 2 diabetes,True,gene_driven_all,561,1266,146,142.8,1.034,0.387792754946075,0.744562089496464
full_v7,LDL cholesterol,True,dual_driven,256,11,1,0.6,1.846,0.44112746776230627,0.7865430703244032
full_v7,Schizophrenia,False,dual_driven,257,11,1,0.6,1.839,0.4424304770574768,0.7865430703244032
full_v7,ASD,False,gene_driven,116,1214,29,28.3,1.033,0.47650511019672936,0.7994980127788192
full_v7,Cognitive performance,False,gene_driven,149,1214,37,36.4,1.024,0.4834667813792192,0.7994980127788192
full_v7,Cognitive performance,False,gene_driven_all,149,1266,38,37.9,1.003,0.5264107486879537,0.7994980127788192
full_v7,Height,True,gene_driven_all,2191,1266,557,557.7,0.997,0.5300872379588286,0.7994980127788192
full_v7,Height,True,gene_driven,2191,1214,534,534.8,0.997,0.5329986751858794,0.7994980127788192
full_v7,ASD,False,gene_driven_all,116,1266,29,29.5,0.976,0.5811019378972169,0.8348375923970194
full_v7,Schizophrenia,False,gene_driven_all,257,1266,64,65.4,0.97,0.6068709945077326,0.8348375923970194
full_v7,Educational attainment,False,gene_driven_all,822,1266,206,209.2,0.975,0.6261034422454649,0.8348375923970194
full_v7,Schizophrenia,False,gene_driven,257,1214,61,62.7,0.962,0.6261281942977646,0.8348375923970194
full_v7,Intelligence,False,gene_driven,180,1214,42,43.9,0.941,0.6621296830974062,0.8582223957669768
full_v7,Neuroticism,False,gene_driven,122,1214,28,29.8,0.921,0.6815976959184957,0.8582223957669768
full_v7,Neuroticism,False,gene_driven_all,122,1266,29,31.1,0.911,0.7001983723233348,0.8582223957669768
full_v7,Intelligence,False,gene_driven_all,180,1266,43,45.8,0.916,0.7151853298058141,0.8582223957669768
full_v7,Educational attainment,False,gene_driven,822,1214,194,200.6,0.949,0.7357036572513678,0.8613115987333085
full_v7,Crohn disease,True,regulation_driven,95,293,3,5.6,0.516,0.9255024857570309,1.0
full_v7,Bipolar disorder,False,gene_driven,115,1214,22,28.1,0.728,0.9285949266865752,1.0
full_v7,Bipolar disorder,False,gene_driven_all,115,1266,23,29.3,0.727,0.9317886976225285,1.0
full_v7,Major depression,False,gene_driven_all,154,1266,28,39.2,0.643,0.988236247170996,1.0
full_v7,Major depression,False,gene_driven,154,1214,24,37.6,0.563,0.9974758174502576,1.0
full_v7,Cognitive performance,False,dual_driven,149,11,0,0.3,0.0,1.0,1.0
full_v7,Crohn disease,True,dual_driven,95,11,0,0.2,0.0,1.0,1.0
LOO-brain,Educational attainment,False,regulation_driven,822,613,189,101.3,2.625,2.2751227776155685e-21,1.092058933255473e-19
LOO-brain,Height,True,regulation_driven,2191,613,354,270.0,1.878,2.490739486331831e-13,5.977774767196395e-12
LOO-brain,Type 2 diabetes,True,regulation_driven,561,613,105,69.1,1.77,2.301180529757971e-06,3.6818888476127534e-05
LOO-brain,Bipolar disorder,False,regulation_driven,115,613,32,14.2,2.839,4.65685576279646e-06,5.181389941978406e-05
LOO-brain,Cognitive performance,False,regulation_driven,149,613,38,18.4,2.53,6.036139006377781e-06,5.181389941978406e-05
LOO-brain,Neuroticism,False,regulation_driven,122,613,33,15.0,2.731,6.4767374274730074e-06,5.181389941978406e-05
LOO-brain,Major depression,False,regulation_driven,154,613,38,19.0,2.418,1.3863086950774733e-05,9.506116766245532e-05
LOO-brain,Schizophrenia,False,regulation_driven,257,613,50,31.7,1.782,0.0005196052093761332,0.0031176312562567992
LOO-brain,Intelligence,False,regulation_driven,180,613,33,22.2,1.631,0.0113114187065665,0.060327566435021324
LOO-brain,Educational attainment,False,dual_driven,822,24,8,4.0,2.541,0.03351565813964584,0.16087515907030003
LOO-brain,ASD,False,regulation_driven,116,613,21,14.3,1.593,0.04328409889772824,0.18887606791735959
LOO-brain,Height,True,dual_driven,2191,24,15,10.6,2.125,0.05317050058883809,0.21268200235535237
LOO-brain,ASD,False,dual_driven,116,24,2,0.6,3.856,0.10676498497022127,0.3942091752746632
LOO-brain,Crohn disease,True,gene_driven_all,95,1140,27,21.8,1.344,0.123255826101727,0.42259140377734966
LOO-brain,Major depression,False,dual_driven,154,24,2,0.7,2.87,0.1691757573179177,0.5413624234173366
LOO-brain,Crohn disease,True,gene_driven,95,1099,25,21.0,1.265,0.18893028705026785,0.5667908611508036
LOO-brain,Intelligence,False,dual_driven,180,24,2,0.9,2.437,0.2149298266540773,0.5803262326126016
LOO-brain,LDL cholesterol,True,regulation_driven,256,613,36,31.5,1.174,0.2176223372297256,0.5803262326126016
LOO-brain,Type 2 diabetes,True,dual_driven,561,24,4,2.7,1.577,0.2829140248215291,0.7147301679701787
LOO-brain,LDL cholesterol,True,gene_driven_all,256,1140,62,58.7,1.079,0.3294057411040535,0.7905737786497284
LOO-brain,Schizophrenia,False,dual_driven,257,24,2,1.2,1.674,0.3542093291784573,0.8096213238364738
LOO-brain,Bipolar disorder,False,dual_driven,115,24,1,0.6,1.844,0.43034139151729955,0.889514449435566
LOO-brain,Cognitive performance,False,gene_driven,149,1099,34,32.9,1.044,0.44698695719290016,0.889514449435566
LOO-brain,Neuroticism,False,dual_driven,122,24,1,0.6,1.735,0.4497597004265508,0.889514449435566
LOO-brain,Cognitive performance,False,gene_driven_all,149,1140,35,34.1,1.034,0.46570306456994215,0.889514449435566
LOO-brain,LDL cholesterol,True,gene_driven,256,1099,57,56.6,1.01,0.49871880082816544,0.889514449435566
LOO-brain,Crohn disease,True,regulation_driven,95,613,12,11.7,1.029,0.510775790118126,0.889514449435566
LOO-brain,Cognitive performance,False,dual_driven,149,24,1,0.7,1.411,0.5188834288374135,0.889514449435566
LOO-brain,Type 2 diabetes,True,gene_driven_all,561,1140,127,128.6,0.982,0.5848487770556021,0.9289903132028503
LOO-brain,Type 2 diabetes,True,gene_driven,561,1099,122,124.0,0.977,0.6016615315246735,0.9289903132028503
LOO-brain,Neuroticism,False,gene_driven_all,122,1140,27,28.0,0.955,0.618486663494915,0.9289903132028503
LOO-brain,Neuroticism,False,gene_driven,122,1099,26,27.0,0.954,0.6193268754685669,0.9289903132028503
LOO-brain,Height,True,gene_driven,2191,1099,479,484.1,0.976,0.6498007477077256,0.9451647239385099
LOO-brain,Height,True,gene_driven_all,2191,1140,496,502.2,0.972,0.6743332784775247,0.9519999225565056
LOO-brain,LDL cholesterol,True,dual_driven,256,24,1,1.2,0.801,0.7194954534214659,0.9867366218351533
LOO-brain,Schizophrenia,False,gene_driven_all,257,1140,55,58.9,0.911,0.7466478073963607,0.9892183506751309
LOO-brain,Educational attainment,False,gene_driven_all,822,1140,181,188.4,0.94,0.7625224786454134,0.9892183506751309
LOO-brain,Schizophrenia,False,gene_driven,257,1099,52,56.8,0.889,0.7914460382920909,0.9997213115268517
LOO-brain,ASD,False,gene_driven,116,1099,22,25.6,0.822,0.8245916944123781,1.0
LOO-brain,Educational attainment,False,gene_driven,822,1099,171,181.6,0.913,0.8469728849957031,1.0
LOO-brain,ASD,False,gene_driven_all,116,1140,22,26.6,0.783,0.8736326526476695,1.0
LOO-brain,Bipolar disorder,False,gene_driven_all,115,1140,21,26.4,0.747,0.9084644668892545,1.0
LOO-brain,Bipolar disorder,False,gene_driven,115,1099,20,25.4,0.738,0.9135626455855967,1.0
LOO-brain,Intelligence,False,gene_driven,180,1099,32,39.8,0.755,0.9378391482976921,1.0
LOO-brain,Major depression,False,gene_driven_all,154,1140,27,35.3,0.708,0.9599709977895204,1.0
LOO-brain,Intelligence,False,gene_driven_all,180,1140,32,41.3,0.719,0.9639804750919391,1.0
LOO-brain,Major depression,False,gene_driven,154,1099,23,34.0,0.611,0.9909173029231395,1.0
LOO-brain,Crohn disease,True,dual_driven,95,24,0,0.5,0.0,1.0,1.0
LOO-tau,Educational attainment,False,regulation_driven,822,148,58,24.5,3.426,1.7601318660874937e-11,8.44863295721997e-10
LOO-tau,Height,True,regulation_driven,2191,148,95,65.2,2.335,4.448267203259836e-07,1.0675841287823607e-05
LOO-tau,Type 2 diabetes,True,regulation_driven,561,148,33,16.7,2.336,7.375360084873312e-05,0.00118005761357973
LOO-tau,Schizophrenia,False,regulation_driven,257,148,18,7.6,2.657,0.0005411089423392707,0.006493307308071249
LOO-tau,Neuroticism,False,regulation_driven,122,148,11,3.6,3.411,0.0009163091340642841,0.008796567687017127
LOO-tau,Cognitive performance,False,regulation_driven,149,148,12,4.4,3.02,0.0014627532076389252,0.011702025661111401
LOO-tau,Major depression,False,regulation_driven,154,148,12,4.6,2.911,0.0019421070088960712,0.013317305203858773
LOO-tau,LDL cholesterol,True,regulation_driven,256,148,15,7.6,2.146,0.008638975730330867,0.051833854381985206
LOO-tau,Intelligence,False,regulation_driven,180,148,11,5.4,2.213,0.01764131928244762,0.09408703617305397
LOO-tau,ASD,False,regulation_driven,116,148,8,3.5,2.496,0.021534193162927255,0.10336412718205082
LOO-tau,Crohn disease,True,gene_driven_all,95,1405,34,26.8,1.426,0.06484301262569478,0.28295132782121357
LOO-tau,LDL cholesterol,True,gene_driven_all,256,1405,81,72.3,1.187,0.12218216059438992,0.4345828668775308
LOO-tau,Crohn disease,True,gene_driven,95,1339,31,25.6,1.322,0.12590727067799465,0.4345828668775308
LOO-tau,Bipolar disorder,False,regulation_driven,115,148,6,3.4,1.829,0.12675333617261314,0.4345828668775308
LOO-tau,Bipolar disorder,False,dual_driven,115,9,1,0.2,5.319,0.18998029423423196,0.5561219485598528
LOO-tau,ASD,False,dual_driven,116,9,1,0.2,5.272,0.19148063943939606,0.5561219485598528
LOO-tau,Neuroticism,False,dual_driven,122,9,1,0.2,5.004,0.20043095000943598,0.5561219485598528
LOO-tau,LDL cholesterol,True,gene_driven,256,1339,75,68.9,1.132,0.20854573070994478,0.5561219485598528
LOO-tau,Major depression,False,dual_driven,154,9,1,0.3,3.931,0.2466951364407425,0.6232298183766126
LOO-tau,Type 2 diabetes,True,dual_driven,561,9,2,1.0,2.252,0.26966362211496153,0.6471926930759077
LOO-tau,Type 2 diabetes,True,gene_driven,561,1339,157,151.0,1.062,0.2884880058508789,0.6594011562305804
LOO-tau,Type 2 diabetes,True,gene_driven_all,561,1405,164,158.5,1.056,0.3066265710492632,0.669003427743847
LOO-tau,Height,True,dual_driven,2191,9,5,4.0,1.589,0.35617058216386477,0.7293869762747204
LOO-tau,LDL cholesterol,True,dual_driven,256,9,1,0.5,2.309,0.3787038731312523,0.7293869762747204
LOO-tau,Schizophrenia,False,dual_driven,257,9,1,0.5,2.299,0.3798890501430835,0.7293869762747204
LOO-tau,Educational attainment,False,dual_driven,822,9,2,1.5,1.444,0.4527291399744612,0.827629177538121
LOO-tau,Cognitive performance,False,gene_driven,149,1339,41,40.1,1.032,0.4655414123651931,0.827629177538121
LOO-tau,Cognitive performance,False,gene_driven_all,149,1405,42,42.1,0.997,0.5382561649012336,0.9188391005136375
LOO-tau,ASD,False,gene_driven,116,1339,31,31.2,0.99,0.5551319565603227,0.9188391005136375
LOO-tau,ASD,False,gene_driven_all,116,1405,32,32.8,0.967,0.5989229237317175,0.958276677970748
LOO-tau,Intelligence,False,gene_driven_all,180,1405,49,50.8,0.948,0.6500916335440889,0.9648395998844619
LOO-tau,Educational attainment,False,gene_driven_all,822,1405,228,232.2,0.97,0.6532631923184223,0.9648395998844619
LOO-tau,Neuroticism,False,gene_driven,122,1339,31,32.8,0.923,0.6815867541082479,0.9648395998844619
LOO-tau,Intelligence,False,gene_driven,180,1339,46,48.5,0.929,0.6902804715832075,0.9648395998844619
LOO-tau,Height,True,gene_driven,2191,1339,582,589.8,0.968,0.7037137438347076,0.9648395998844619
LOO-tau,Neuroticism,False,gene_driven_all,122,1405,32,34.5,0.901,0.7236296999133465,0.9648395998844619
LOO-tau,Educational attainment,False,gene_driven,822,1339,213,221.3,0.94,0.7745642418137426,0.9677164926253926
LOO-tau,Height,True,gene_driven_all,2191,1405,607,618.9,0.953,0.7839971966785324,0.9677164926253926
LOO-tau,Schizophrenia,False,gene_driven,257,1339,64,69.2,0.895,0.7932117841424999,0.9677164926253926
LOO-tau,Schizophrenia,False,gene_driven_all,257,1405,67,72.6,0.891,0.8064304105211605,0.9677164926253926
LOO-tau,Bipolar disorder,False,gene_driven,115,1339,26,31.0,0.789,0.8784753113117512,1.0
LOO-tau,Bipolar disorder,False,gene_driven_all,115,1405,27,32.5,0.775,0.8968301968292738,1.0
LOO-tau,Crohn disease,True,regulation_driven,95,148,1,2.8,0.342,0.9448387260958372,1.0
LOO-tau,Major depression,False,gene_driven_all,154,1405,34,43.5,0.713,0.9679608757384204,1.0
LOO-tau,Major depression,False,gene_driven,154,1339,30,41.5,0.649,0.9883584837507049,1.0
LOO-tau,Intelligence,False,dual_driven,180,9,0,0.3,0.0,1.0,1.0
LOO-tau,Cognitive performance,False,dual_driven,149,9,0,0.3,0.0,1.0,1.0
LOO-tau,Crohn disease,True,dual_driven,95,9,0,0.2,0.0,1.0,1.0
