classification,trait,is_control,class,n_trait_universe,n_class,k_overlap,OR,CI_lo,CI_hi,p_two_sided,q_bh
full,Schizophrenia,False,regulation_driven,257,293,36,2.8269098720002823,1.9447782101252276,4.109167504451868,7.471921478826338e-07,6.724729330943704e-06
full,Schizophrenia,False,gene_driven_strict,257,1214,61,0.962015682248615,0.7162974812859169,1.2920248878033629,0.881444117729709,1.0
full,Schizophrenia,False,gene_driven_all,257,1266,64,0.9697136896192011,0.7254531369454776,1.2962169324874766,0.8832034189394736,1.0
full,ASD,False,regulation_driven,116,293,16,2.6460649819494586,1.5396771621075227,4.54748570740327,0.001127750252316382,0.004511001009265528
full,ASD,False,gene_driven_strict,116,1214,29,1.0331926863572434,0.6752413884141166,1.580897062085035,0.9129040878386724,1.0
full,ASD,False,gene_driven_all,116,1266,29,0.9757477768795473,0.6377892834477649,1.4927872712733574,1.0,1.0
full,Educational attainment,False,regulation_driven,822,293,103,2.987233731059219,2.3203186248586016,3.845836200414837,1.015419275358604e-15,3.655509391290974e-14
full,Educational attainment,False,gene_driven_strict,822,1214,194,0.9485575121768453,0.7956218856939975,1.1308906530673055,0.5938476874313723,1.0
full,Educational attainment,False,gene_driven_all,822,1266,206,0.9754839500122519,0.8209379298370708,1.1591240971413765,0.7927653408747366,1.0
full,Intelligence,False,regulation_driven,180,293,19,1.9467742666727117,1.1916477979681508,3.1804112354683918,0.013979211388510954,0.04575014636239949
full,Intelligence,False,gene_driven_strict,180,1214,42,0.9405698174803383,0.6617296632223614,1.3369078503251566,0.7911611733843004,1.0
full,Intelligence,False,gene_driven_all,180,1266,43,0.9164552882405954,0.6466500151991895,1.2988328703362653,0.6637372495328142,1.0
full,Major depression,False,regulation_driven,154,293,25,3.2916811292375328,2.1079755050680773,5.140080912006877,2.573991445558128e-06,1.5443948673348768e-05
full,Major depression,False,gene_driven_strict,154,1214,24,0.5631544925662573,0.36256679622593413,0.8747160131561814,0.00976875084252949,0.03516750303310616
full,Major depression,False,gene_driven_all,154,1266,28,0.6429725363489499,0.42476524799967724,0.9732756727295069,0.03830954314058875,0.11492862942176625
full,Bipolar disorder,False,regulation_driven,115,293,22,4.004920049200492,2.4767886736338403,6.4758793397402625,6.108719796068543e-07,6.724729330943704e-06
full,Bipolar disorder,False,gene_driven_strict,115,1214,22,0.7277368838854009,0.45517817825537155,1.163502552334809,0.22634782004318207,0.543234768103637
full,Bipolar disorder,False,gene_driven_all,115,1266,23,0.7272727272727273,0.4584504005502385,1.1537248504961213,0.19420384115287204,0.499381305821671
full,Neuroticism,False,regulation_driven,122,293,21,3.5010192195690157,2.153999938143472,5.690406651708653,6.550659537947252e-06,2.9477967920762633e-05
full,Neuroticism,False,gene_driven_strict,122,1214,28,0.9207419898819561,0.6007322246595862,1.4112208021006085,0.7499696247228425,1.0
full,Neuroticism,False,gene_driven_all,122,1266,29,0.9112838031658278,0.5976584243862553,1.3894862617642596,0.7523732135918808,1.0
full,Cognitive performance,False,regulation_driven,149,293,24,3.251866171003717,2.06564157428786,5.119297425916708,4.7443283753684345e-06,2.4399403073323377e-05
full,Cognitive performance,False,gene_driven_strict,149,1214,37,1.0239106687704818,0.7020236120800722,1.4933871732827648,0.9228754668523727,1.0
full,Cognitive performance,False,gene_driven_all,149,1266,38,1.0027731314376265,0.6898625491403932,1.4576149326937649,1.0,1.0
full,Height,True,regulation_driven,2191,293,183,2.2145916334661355,1.7360653719413561,2.825018102592438,8.279337022322514e-11,1.4902806640180526e-09
full,Height,True,gene_driven_strict,2191,1214,534,0.9966647733323867,0.8748691629092147,1.1354162570989792,0.9734834070832035,1.0
full,Height,True,gene_driven_all,2191,1266,557,0.9971618619152598,0.8768960341694333,1.1339220843895201,0.9738553058200694,1.0
full,LDL cholesterol,True,regulation_driven,256,293,22,1.5427823509004321,0.9798389094051494,2.4291517303541728,0.07444278220272796,0.20614924302293897
full,LDL cholesterol,True,gene_driven_strict,256,1214,66,1.0802310654685494,0.8100516050065326,1.440524464850492,0.6012753365690962,1.0
full,LDL cholesterol,True,gene_driven_all,256,1266,71,1.1314395567115232,0.8539399557381578,1.499116491609745,0.37783721726433467,0.7543224527071491
full,Crohn disease,True,regulation_driven,95,293,3,0.5160044977511244,0.16240595509558173,1.639475852610739,0.37511166321024814,0.7543224527071491
full,Crohn disease,True,gene_driven_strict,95,1214,27,1.2349967788294762,0.7869857607514842,1.9380490979439946,0.39811462781766205,0.7543224527071491
full,Crohn disease,True,gene_driven_all,95,1266,29,1.2936723745131182,0.8320051354852093,2.0115118779914805,0.2838902540798429,0.6387530716796466
full,Type 2 diabetes,True,regulation_driven,561,293,60,2.1484927141425305,1.5940348017263017,2.895809387426483,2.28146653346122e-06,1.5443948673348768e-05
full,Type 2 diabetes,True,gene_driven_strict,561,1214,141,1.0450006656903208,0.8531932029900694,1.2799286110884829,0.6764589608872333,1.0
full,Type 2 diabetes,True,gene_driven_all,561,1266,146,1.0343760757314975,0.8465249259443985,1.263913008647743,0.7575577420137029,1.0
LOO-brain,Schizophrenia,False,regulation_driven,257,613,50,1.7822054041067092,1.2926565619037795,2.4571538922521534,0.0008390070223819194,0.003775531600718637
LOO-brain,Schizophrenia,False,gene_driven_strict,257,1099,52,0.8891373727490857,0.650844291935543,1.214676501606994,0.4879870329426359,0.7773439067873329
LOO-brain,Schizophrenia,False,gene_driven_all,257,1140,55,0.9114386092987179,0.671360544479703,1.2373684234961708,0.5941027195528479,0.8226037655347125
LOO-brain,ASD,False,regulation_driven,116,613,21,1.592923186344239,0.9853040409352142,2.575250046863375,0.06254663922819073,0.2046980920195333
LOO-brain,ASD,False,gene_driven_strict,116,1099,22,0.8216479977873921,0.5139863439521053,1.3134695896335689,0.4966363848919071,0.7773439067873329
LOO-brain,ASD,False,gene_driven_all,116,1140,22,0.7829330491378982,0.489830480877684,1.2514210188267874,0.37087425757767434,0.6509619018019428
LOO-brain,Educational attainment,False,regulation_driven,822,613,189,2.625234731288563,2.1687655425920265,3.177778906486519,2.818615315369389e-21,1.01470151353298e-19
LOO-brain,Educational attainment,False,gene_driven_strict,822,1099,171,0.9125615763546798,0.759519490411487,1.0964414227049877,0.35744752693611376,0.6509619018019428
LOO-brain,Educational attainment,False,gene_driven_all,822,1140,181,0.9401580234220839,0.7852283814575659,1.1256560892057947,0.5250146975054522,0.7875220462581782
LOO-brain,Intelligence,False,regulation_driven,180,613,33,1.6310344827586207,1.1071755026255596,2.402756814650523,0.020078549545882618,0.08031419818353047
LOO-brain,Intelligence,False,gene_driven_strict,180,1099,32,0.7552369614225284,0.5123001047274861,1.1133764421191055,0.170089072472341,0.43737190064316256
LOO-brain,Intelligence,False,gene_driven_all,180,1140,32,0.7192896867987121,0.48799253582894203,1.060216326170095,0.1038412614002586,0.3115237842007758
LOO-brain,Major depression,False,regulation_driven,154,613,38,2.418440779610195,1.6595762269098921,3.5243068137774274,1.625951894560587e-05,8.362038314883018e-05
LOO-brain,Major depression,False,gene_driven_strict,154,1099,23,0.6109140440988677,0.39020977100702053,0.9564495740690167,0.029718307870812463,0.10698590833492487
LOO-brain,Major depression,False,gene_driven_all,154,1140,27,0.7080883757454847,0.46490525057209875,1.0784759846202723,0.11895947844624583,0.32942624800498843
LOO-brain,Bipolar disorder,False,regulation_driven,115,613,32,2.838811355577214,1.8709361828144713,4.307388988774122,4.8804388257779265e-06,4.392394943200134e-05
LOO-brain,Bipolar disorder,False,gene_driven_strict,115,1099,20,0.7375249987805473,0.45321945380689044,1.200176027876358,0.255453859583194,0.5548726095028984
LOO-brain,Bipolar disorder,False,gene_driven_all,115,1140,21,0.7466773144715076,0.4630642240883285,1.2039950031640443,0.26202317670970204,0.5548726095028984
LOO-brain,Neuroticism,False,regulation_driven,122,613,33,2.731034482758621,1.8146691923710465,4.110142706655701,8.09706730850066e-06,5.8298884621204756e-05
LOO-brain,Neuroticism,False,gene_driven_strict,122,1099,26,0.9538482447965206,0.6151755015247463,1.4789705894437413,0.9121991067075553,0.9384152421809061
LOO-brain,Neuroticism,False,gene_driven_all,122,1140,27,0.9547737267697546,0.6194364330434361,1.4716487773425546,0.9133142441755644,0.9384152421809061
LOO-brain,Cognitive performance,False,regulation_driven,149,613,38,2.5303564433999215,1.7329501530241238,3.694684304382511,1.0322246480864016e-05,6.193347888518409e-05
LOO-brain,Cognitive performance,False,gene_driven_strict,149,1099,34,1.0438048581343131,0.707694121044331,1.5395473121311176,0.8411225101456654,0.9384152421809061
LOO-brain,Cognitive performance,False,gene_driven_all,149,1140,35,1.0335794236723028,0.7035351171010016,1.5184550125099205,0.8435544016572907,0.9384152421809061
LOO-brain,Height,True,regulation_driven,2191,613,354,1.877948560583291,1.5825134218825145,2.228537684060588,4.1683205253406016e-13,7.502976945613083e-12
LOO-brain,Height,True,gene_driven_strict,2191,1099,479,0.9761051025022611,0.8528033535225665,1.1172343157369369,0.7308180487027762,0.9384152421809061
LOO-brain,Height,True,gene_driven_all,2191,1140,496,0.9719342604298357,0.850626847686601,1.110541254565873,0.6835911171399331,0.9114548228532442
LOO-brain,LDL cholesterol,True,regulation_driven,256,613,36,1.1743815976051677,0.8168957065761401,1.6883087102687793,0.3797277760511333,0.6509619018019428
LOO-brain,LDL cholesterol,True,gene_driven_strict,256,1099,57,1.0104842832203242,0.7468066983965972,1.3672594110732537,0.9384152421809062,0.9384152421809061
LOO-brain,LDL cholesterol,True,gene_driven_all,256,1140,62,1.0791270585085018,0.8043213918329795,1.4478232460675715,0.593868910767499,0.8226037655347125
LOO-brain,Crohn disease,True,regulation_driven,95,613,12,1.0291281598941524,0.5584420935529346,1.8965346303837176,0.875098533761641,0.9384152421809061
LOO-brain,Crohn disease,True,gene_driven_strict,95,1099,25,1.2652966214418728,0.7974357263110772,2.0076546452694077,0.3185142109243323,0.6370284218486646
LOO-brain,Crohn disease,True,gene_driven_all,95,1140,27,1.3435072142064373,0.8559477111523093,2.108787267150661,0.21711097983412297,0.5210663516018952
LOO-brain,Type 2 diabetes,True,regulation_driven,561,613,105,1.7700347078325736,1.4043504401643598,2.2309409228121626,3.1942962577566274e-06,3.833155509307953e-05
LOO-brain,Type 2 diabetes,True,gene_driven_strict,561,1099,122,0.9773585169607114,0.7900059454204541,1.209142382045305,0.8713075214838243,0.9384152421809061
LOO-brain,Type 2 diabetes,True,gene_driven_all,561,1140,127,0.9821627596999377,0.7962724254951071,1.2114493176648689,0.9150788323145544,0.9384152421809061
LOO-tau,Schizophrenia,False,regulation_driven,257,148,18,2.6574187318957194,1.5961060311443682,4.424439341017379,0.0008856733683073803,0.006597425765262846
LOO-tau,Schizophrenia,False,gene_driven_strict,257,1339,64,0.8952067459107995,0.6698982087102946,1.1962938659995366,0.47126326903478427,0.7689718689323624
LOO-tau,Schizophrenia,False,gene_driven_all,257,1405,67,0.8905396900322555,0.6693004089384741,1.18491028681808,0.47679842450625265,0.7689718689323624
LOO-tau,ASD,False,regulation_driven,116,148,8,2.4962962962962965,1.1939031642426676,5.21943101043329,0.021534193162927255,0.07765882267918171
LOO-tau,ASD,False,gene_driven_strict,116,1339,31,0.9898363014930743,0.6529119040600926,1.5006249658810202,1.0,1.0
LOO-tau,ASD,False,gene_driven_all,116,1405,32,0.9669475947698817,0.6404798017467723,1.4598237891051045,0.917252892877136,0.9712089453993203
LOO-tau,Educational attainment,False,regulation_driven,822,148,58,3.426352530541012,2.441317082192609,4.8088352591220564,1.9176776629315422e-11,6.903639586553552e-10
LOO-tau,Educational attainment,False,gene_driven_strict,822,1339,213,0.9399242271784686,0.7926898772935544,1.1145059097429009,0.49128758292900926,0.7689718689323624
LOO-tau,Educational attainment,False,gene_driven_all,822,1405,228,0.970194725504836,0.8210210583441913,1.1464721834245553,0.7346597438069118,0.8793623895264615
LOO-tau,Intelligence,False,regulation_driven,180,148,11,2.2125426510603377,1.1747181412160843,4.1672506884871785,0.021571895188661587,0.07765882267918171
LOO-tau,Intelligence,False,gene_driven_strict,180,1339,46,0.9294940610174187,0.6609550171361958,1.3071376826974388,0.7323152227801885,0.8793623895264615
LOO-tau,Intelligence,False,gene_driven_all,180,1405,49,0.9483550631628724,0.6789516673611488,1.3246558909299475,0.8006513782859738,0.9007328005717204
LOO-tau,Major depression,False,regulation_driven,154,148,12,2.9105219552609776,1.5760739433248536,5.374835418055097,0.0019421070088960712,0.009987978902894079
LOO-tau,Major depression,False,gene_driven_strict,154,1339,30,0.6489193918036423,0.43332933642916976,0.9717698333762356,0.03387936641954486,0.110877926463965
LOO-tau,Major depression,False,gene_driven_all,154,1405,34,0.712776562120107,0.4845738127063553,1.048447964346827,0.10121473486593202,0.29696647914349555
LOO-tau,Bipolar disorder,False,regulation_driven,115,148,6,1.8285308179351338,0.7904412800116777,4.229947292339202,0.15650740591003384,0.4024476151972299
LOO-tau,Bipolar disorder,False,gene_driven_strict,115,1339,26,0.7889642896873957,0.5073573559683415,1.226876171360326,0.33850892198291216,0.6770178439658243
LOO-tau,Bipolar disorder,False,gene_driven_all,115,1405,27,0.7750610238817786,0.5013226335694895,1.1982694387114754,0.29455712166269454,0.6237680223445295
LOO-tau,Neuroticism,False,regulation_driven,122,148,11,3.410600381403301,1.7940403316813371,6.483797914803227,0.0009163091340642841,0.006597425765262846
LOO-tau,Neuroticism,False,gene_driven_strict,122,1339,31,0.9230097120005377,0.611024156608048,1.39429336669223,0.7572287243144529,0.8793623895264615
LOO-tau,Neuroticism,False,gene_driven_all,122,1405,32,0.9009306465970705,0.5989731537784834,1.3551125369435095,0.6841709477865792,0.8793623895264615
LOO-tau,Cognitive performance,False,regulation_driven,149,148,12,3.019965650493774,1.63402508284687,5.581427498207484,0.0014627532076389252,0.008776519245833551
LOO-tau,Cognitive performance,False,gene_driven_strict,149,1339,41,1.031551389602237,0.7160095291097583,1.4861509884000283,0.8516432261904108,0.9290653376622663
LOO-tau,Cognitive performance,False,gene_driven_all,149,1405,42,0.9970035860971881,0.6939530110169381,1.4323969129177698,1.0,1.0
LOO-tau,Height,True,regulation_driven,2191,148,95,2.334635604205675,1.660355839076638,3.2827441420364187,7.915952770561446e-07,1.4248714987010603e-05
LOO-tau,Height,True,gene_driven_strict,2191,1339,582,0.9680783374233279,0.8531909491952698,1.0984360163129478,0.6291732065170312,0.8388976086893749
LOO-tau,Height,True,gene_driven_all,2191,1405,607,0.9532155831497937,0.8416197523586613,1.0796086301600816,0.46567494850759594,0.7689718689323624
LOO-tau,LDL cholesterol,True,regulation_driven,256,148,15,2.1456649923564095,1.2387644625782417,3.7165081809352003,0.011943209108179378,0.0537444409868072
LOO-tau,LDL cholesterol,True,gene_driven_strict,256,1339,75,1.1322907196307435,0.8585425416591657,1.493324106321202,0.38555313802239494,0.7305217352003273
LOO-tau,LDL cholesterol,True,gene_driven_all,256,1405,81,1.186508416055244,0.9048983919502688,1.5557572362746486,0.22565303746715704,0.5077193343011033
LOO-tau,Crohn disease,True,regulation_driven,95,148,1,0.342451874366768,0.04741352438997179,2.473414237101441,0.5320103015656791,0.7841474896635126
LOO-tau,Crohn disease,True,gene_driven_strict,95,1339,31,1.322403000764526,0.8571919399787299,2.0400911568002096,0.2009260311884482,0.4822224748522757
LOO-tau,Crohn disease,True,gene_driven_all,95,1405,34,1.4261697217538951,0.933224422827604,2.179497262925061,0.10723789524626229,0.29696647914349555
LOO-tau,Type 2 diabetes,True,regulation_driven,561,148,33,2.3358695652173913,1.5697377353242958,3.475922444192028,9.525474731446974e-05,0.001143056967773637
LOO-tau,Type 2 diabetes,True,gene_driven_strict,561,1339,157,1.0622769764286073,0.873202962617639,1.2922910514040773,0.5445468678218837,0.7841474896635126
LOO-tau,Type 2 diabetes,True,gene_driven_all,561,1405,164,1.0558804247001585,0.8701970692623275,1.2811850449118176,0.584149107752476,0.8088218415034283
